Index,Product_URL,Author,Shop,Rating,Used_Time,Comment
1,https://www.dienmayxanh.com/quat-dieu-hoa/ava-rpd-80,Quang,ĐMX,3,1 năm,"Quat gì vừa hết bảo hành là hư cảm ứng với điều khiển, mắc nhờ thợ sửa hết 130k"
2,https://www.dienmayxanh.com/quat-dieu-hoa/ava-rpd-80,Đào Hoàng Vũ,ĐMX,1,1 ngày,"Quạt vừa giao mà móp, bể, ốc thì vặn tè le, bỏ vài triệu để nhận cái đồ bể"
3,https://www.dienmayxanh.com/quat-dieu-hoa/ava-rpd-80,Bùi Thị Thắm,ĐMX,1,8 tháng,Tôi rất không hài lòng về sản phẩm nàyTôi đã BH đến 3L nhưng chưa khắc phục được tình trạng lỗi.Lần 1 Bị lỗi bảng điện tửLần 2 Máy không bơm nướcLần 3 Bong keo bảng điện tử tiếpTôi rất không hài lòngVì Lần 3 nay lẻ ra giao máy cho tôi phải kiểm tra ok hết rồi hả trả về cho tôi. Đằng này giao lại cho tôi vẫn trong hiện trạng bị bong keo trên bảng điều khiển. Tôi rất hối hận khi mua sản phẩm này chất lượng quá tệ.
4,https://www.dienmayxanh.com/quat-dieu-hoa/ava-rpd-80,Hoang Trọng Phuoc,ĐMX,2,8 tháng,Mua xài chưa được bao lâu hư bơm nuoc.bao hành thì phai mạng quạt tận nua tháng
5,https://www.dienmayxanh.com/quat-dieu-hoa/ava-rpd-80,Phạm Bảo Thiện,ĐMX,3,6 tháng,"Quạt mua về sài đc máy tháng bị hư boem nước . Đã liên hệ cửa hàng gửi sửa bảo hành, về sài đc 2 tháng lại hư bơm nước tiếp"
6,https://www.dienmayxanh.com/quat-dieu-hoa/ava-rpd-80,Hiếu,ĐMX,1,1 năm,Vừa hết bảo hành là liệt hết nút bấm cả điều khiển
7,https://www.dienmayxanh.com/quat-dieu-hoa/ava-rpd-80,Nguyễn Bảo Hà,ĐMX,1,1 tháng,Mua mới hơn tháng đã lỗi cảm ứng
8,https://www.dienmayxanh.com/quat-dieu-hoa/ava-rpd-80,Ngộ,ĐMX,2,6 tháng,"Chưa được 6 tháng là bị hư, máy ko bơm nước được"
9,https://www.dienmayxanh.com/quat-dieu-hoa/ava-rpd-80,Khanh,ĐMX,1,1 tháng,"ĐỔI 4 lần, sản phẩm siêu tệ, lỗi cả lô hàng."
10,https://www.dienmayxanh.com/quat-dieu-hoa/ava-rpd-80,Linh,ĐMX,1,1 tuần,"bị chảy nước đằng trước, nhờ bh mà hỗ trợ rất lâu, giờ vẫn chưa được xử lý"
11,https://www.dienmayxanh.com/quat-dieu-hoa/ava-rpd-80,Thảo,ĐMX,2,1 năm,"Quát xài mát thiệt, nhưng chưa hết thời gian bảo hảnh đã hư mạch vả rỉ nước"
12,https://www.dienmayxanh.com/quat-dieu-hoa/ava-rpd-80,Võ Văn Của,ĐMX,2,8 tháng,Mua chưa được 1 năm bảo hành 2 lần ... phím cảm ứng quá tệ
13,https://www.dienmayxanh.com/quat-dieu-hoa/ava-rpd-80,Tuyet Sang,ĐMX,3,1 tháng,xin cho hỏi minh su dung quat AVA nay chê độ nuoc tai sao no chay kiểu vặn vồi nuoc lớn lam ạk..vi nhung quat khac chê đô nuoc ta im ru ak
14,https://www.dienmayxanh.com/quat-dieu-hoa/ava-rpd-80,Thắng,ĐMX,4,1 tháng,"Cánh quạt bị gãy, bên ĐMX có hỗ trợ thay không ạ"
15,https://www.dienmayxanh.com/quat-dieu-hoa/ava-rpd-80,Thi,ĐMX,1,1 năm,vừa hết bảo hành thì quạt hư luôn
16,https://www.dienmayxanh.com/quat-dieu-hoa/ava-rpd-80,Cường,ĐMX,2,1 tuần,Mua chưa dc 1 tháng đem đổi máy 2 lần.1 lần móp.1 lần văng nước ra ngoài.ko biết kế tiếp là gì.
17,https://www.dienmayxanh.com/quat-dieu-hoa/ava-rpd-80,Trần Văn Mạnh,ĐMX,1,1 năm,rất tệ mua vê sai vai tháng là hư ...mới mua một năm mà gửi bảo hành 45 lần giờ hết bảo hành bỏ lun không sai được ...
18,https://www.dienmayxanh.com/quat-dieu-hoa/ava-rpd-80,Nam,ĐMX,1,1 năm,"Sản phẩm phải gọi là rất tệ, quạt mua không sử dụng được nhiều nhưng hỏng 2 lần. Lần 1 hư bảng điều khiển ko khởi động được đi bảo hành 15ngày. Lần 2 quạt không bơm nước đúng ngày hết bảo hành. Tầm giá 3triệu mà chất lượng quá kém"
19,https://www.dienmayxanh.com/quat-dieu-hoa/ava-rpd-80,Loan,ĐMX,1,8 tháng,"Mua được 5 tháng , không Sài 1,5 tháng , hư 1 tháng mà k báo bên điện máy xanh được vì bận và cũng báo trên áp để bên sữa chữa đến sữa nhưng cứ hẹn gọi đến lần t3 mới có ng đến , đến nói hư cụt máy gì bên trong mình quên r , nhưng bên sữa chữa điện báo cái cụt đó trong quá trình vận chuyển bị máy cái tem bảo hành bắt mình phải trả 680k mới sữa mà trong khi đó vận chuyển lại là bên cửa hàng , gọi khiếu nại , r bắt mình chờ gần 1 tháng , r xong lại trả về k sửa vì mình k chịu đống tiền để sửa , vậy cưu chờ làm gì , bảo hành cái gì giờ mình phải tự đi sửa"
20,https://www.dienmayxanh.com/quat-dieu-hoa/ava-rpd-80,Cẩm Nhung,ĐMX,2,4 tuần,Mình sử dụng quạt chưa được 1 tháng đã bị gãy phích cắm
21,https://www.dienmayxanh.com/quat-dieu-hoa/ava-rpd-80,Hiếu,ĐMX,1,1 năm,"Bảo hành 3 tháng ko xong, lúc mang đi ko chảy nước, bảo hành mang về nước tràn khắp nhà.nhân viên tổng đài ăn nói bố láo. Quá tệ"
22,https://www.dienmayxanh.com/quat-dieu-hoa/ava-rpd-80,My,ĐMX,1,12 tháng,"Rất tệ, mua về liên tục lỗi cảm ứng, nước chảy ầm ầm ra sàn nhà, đã liên hệ vào baot hành 3 4 lần vẫn vậy. Đề nghị ĐMX có phương án cho khách, thật sự rất bực bội"
23,https://www.dienmayxanh.com/quat-dieu-hoa/ava-rpd-80,Lien,ĐMX,1,11 tháng,"quạt dùng được vài hôm là lỗi cảm ứng sáng hết đèn. cắm điện tự bật , còn tự bấm thì ko chạy nhân viên dmx nhiệt tình tư vấn hàng kém chất lượng"
24,https://www.dienmayxanh.com/quat-dieu-hoa/ava-rpd-80,Mai Thị Mai Trân,ĐMX,1,7 tháng,BH 3 lần cũng y z hết bảo hành cái bỏ tiền sữa tui bây khôn quá ak
25,https://www.dienmayxanh.com/quat-dieu-hoa/ava-rpd-80,Lê Anh Quốc,ĐMX,1,6 tháng,Sản phẩm quá tệ. Hư liên tục mất thời gian và phiền phức với sản phẩm này. Tôi muốn trả sản phẩm và lấy lại tiền
26,https://www.dienmayxanh.com/quat-dieu-hoa/ava-rpd-80,Bích Ngon,ĐMX,1,9 tháng,Tệ. Không hài lòng hư bh xog vẫn hư cảm ứng
27,https://www.dienmayxanh.com/quat-dieu-hoa/ava-rpd-80,Vân Giang,ĐMX,1,2 tháng,"Lúc mua quên k nhìn đánh giá. Mua về r, đọc đánh giá r hy vog quạt mih k bị tih trạng như mn đã bị. Ai dè 2 tháng sau là....đèn đồng loạt sáng. Phải bảo hành. Haizz. Cùng dáng này có mã kangaroo nhìn chắc chắn hơn nhìu."
28,https://www.dienmayxanh.com/quat-dieu-hoa/ava-rpd-80,Võ Đônh Sơn,ĐMX,3,1 tháng,Đèn cảm ứng bị sáng hết không biết như thế nào
29,https://www.dienmayxanh.com/quat-dieu-hoa/ava-rpd-80,Nguyễn Thúy Hằng,ĐMX,2,5 tháng,Lần đầu bảo hành máy bị hiện thị cháy hết đèn chức năng.Lần 2 và 3 là nút cảm ứng lúc nhại lúc k nhạiNản thiệt chớ. Chưa trả góp xong luôn á. Mới sài làm tròn luôn mới được 6 tháng. Mất niềm tin luôn
30,https://www.dienmayxanh.com/quat-dieu-hoa/ava-rpd-80,Lê Thịnh,ĐMX,1,6 tháng,Sài đk 3 tháng hư.Bảo hành 15 ngày x về lại hư y như lỗi ban đầu.cảm ứng thì chạy loạn cả lên.khuyên thật m.ng k nên mua quạt này.
31,https://www.dienmayxanh.com/quat-dieu-hoa/ava-rpd-80,Từ Ngọc Trung,ĐMX,1,6 tháng,"Rất tệ, mua 5 tháng bảo hành 2 lần, mỗi lần mang đi 1520 ngày. Nhân viên nói loại này hay hư bảng mạch do không phù keo, hết bảo hành phải tự sửa. Tôi không hiểu chunhs sách như vậy thì khôn quá"
32,https://www.dienmayxanh.com/quat-dieu-hoa/ava-rpd-80,Thảo,ĐMX,1,5 tháng,"Quạt thì tệ xài chưa gì đã hư, gọi bảo hành thì tổng đài hứa hẹn 10 mấy lần chưa thấy 1 nhân viên nào xuống sửa, sửa được hay không thì nói để ta biết đường đỡ mất thời gian, làm ăn chán ghê"
33,https://www.dienmayxanh.com/quat-dieu-hoa/ava-rpd-80,Nguyên Van Loi,ĐMX,1,5 tháng,Mua mới 6 thag hư hết 3 lần mỗi lần bảo hanh hết nữa thag có để đổi cái khác k
34,https://www.dienmayxanh.com/quat-dieu-hoa/ava-rpd-80,Của,ĐMX,1,6 tháng,Mới bảo hành lần 3 về được 10 ngày hư nửa rồi hư chế độ quay xài nước thì kêu tít tít chức năng loạn xạ k lẽ kêu bảo hành nửa. Quá kém tgiang đi bảo hành còn nhiều thời giang xài. Muốn đổi qua loại khác có được không
35,https://www.dienmayxanh.com/quat-dieu-hoa/ava-rpd-80,Nguyễn Hải,ĐMX,1,5 tháng,Quạt mua xài được 2 tháng thì lỗi hiển thị. mang đi bảo hành mất 15 ngày thì về xài được 3 ngày lỗi cảm ứng với cả lỗi hiển thị. Bảo hành hay mang quạt người ta về phá vậy.
36,https://www.dienmayxanh.com/quat-dieu-hoa/ava-rpd-80,Tiến,ĐMX,1,5 tháng,quạt quá tệ sư dụng chưa dc bao lâu đã bị lôi đèn cam ứng tự nhay các phím cam ứng nghe tit tit rât bưc bội bao hành 3 lân lây di giao vê vân vậy lai lay di bao hành chưa dùng dc bao lâu thời gian lây di bảo hang đi đi vê vê 15 ngay bảo hanh vừa trả lại hư quá that vong k biêt dụng từ gì đê diên ta hêt quá bức xúc bao hành như k vô tri qua hàng bao hanh xong trả khách lạ hư
37,https://www.dienmayxanh.com/quat-dieu-hoa/ava-rpd-80,Sơ,ĐMX,1,1 tháng,"Quạt đắt tiền mà sử dụng không được như mong muốn. Vừa mua về 2 tuần đã loạn cảm ứng, rồi đèn sáng lung tung hết cả lên. Gọi điện lên tổng đài hỗ trợ thì không thấy ai phản hồi cảKHUYÊN MỌI NGƯỜI ĐỪNG NÊN MUA NHÉ"
38,https://www.dienmayxanh.com/quat-dieu-hoa/ava-rpd-80,Luong Van Dep,ĐMX,1,5 tháng,Sài 4 thág thág thứ 3 liệt cảm ứng đèn nhảy lung tung thág thứ 4 mất nguồn luôn quá tệ
39,https://www.dienmayxanh.com/quat-dieu-hoa/ava-rpd-80,Ngô Thị Diễm Trinh,ĐMX,1,3 tháng,Quạt rất tệ. Loạn cảm ứng. Đơ cảm ứng. Đã bảo hành đổi cái khác vẫn vậy. Hãng nên dẹp quạt này đừng bán ra thị trường nữa. Vô cùng hối hận khi mua
40,https://www.dienmayxanh.com/quat-dieu-hoa/ava-rpd-80,Nghĩ,ĐMX,1,1 tháng,"Quạt bị loạn cảm ứng, cứ 5p là kêu tít tít, rất khó chịu mọi người không nên mua rất phí tiền, đổi thì lại mất tiền"
41,https://www.dienmayxanh.com/quat-dieu-hoa/ava-rpd-80,Nguyễn Thanh Lâm,ĐMX,2,3 tháng,"Được tầm 1 tuần thì loạn cảm ứng, đêm ngủ cứ tít tít tít nghe nhức đầu thật sự. Lên đọc bình luận thì thấy bệnh chung ai cũng bị nên chày cối xài tới hôm nay, nhưng càng lúc càng loạn nhiều hơn. Quá mệt mỏi với tiếng tít tít này."
42,https://www.dienmayxanh.com/quat-dieu-hoa/ava-rpd-80,Trần Chí Hảo,ĐMX,2,4 tháng,Màng hình cảm ứng bị lổi hoài cần bảo trì
43,https://www.dienmayxanh.com/quat-dieu-hoa/ava-rpd-80,Thanh,ĐMX,2,4 tháng,Các nút cảm ứng không dùng được phải làm sao ạ
44,https://www.dienmayxanh.com/quat-dieu-hoa/ava-rpd-80,K,ĐMX,1,3 tháng,Moi mua ve da hu đổi mới ve hu tiếp sữa rồi cung không trả khách ma bất lên lấy..
45,https://www.dienmayxanh.com/quat-dieu-hoa/ava-rpd-80,Huy,ĐMX,1,5 tháng,"dùng được 2 tháng thì cảm ứng quạt loạn cả lên, tưởng mỗi mình bị vào xem đánh giá thì ai mua cũng dính. mọi người cần mua thì cân nhắc, sp rất tệ"
46,https://www.dienmayxanh.com/quat-dieu-hoa/ava-rpd-80,Khoa,ĐMX,1,4 tháng,"Mới sử dụng được mấy hôm là lỗi, gửi bảo hành thì hẹn tới hẹn lui, trời thì nóng mua quạt về giải nhiệt gọi bảo hành càng nóng hơn, cứ tình trạng như này thì không nên mua sản phẩm ở ĐMX NỮA"
47,https://www.dienmayxanh.com/quat-dieu-hoa/ava-rpd-80,Vo Hong Thuan,ĐMX,1,4 tháng,"Trãi nghiệm rất tệ hại với sản phẩm này, mua một sản phẩm mới mà dùng được 1 tháng phải mang đi bảo hành vì lỗi không điều khiển được các nút trên quạt, đèn tự sáng full. Bảo hành gần tháng về bị y như cũ, ngày sau đem đi bảo hành 20 ngày nữa, lại bị lỗi y như vậy, là đã bảo hành cho khách chưa Tôi cắn răng dùng và tiếp tục lỗi càng lúc càng nặng hơn không điều khiển được, đảo gió tự đảo rồi tự dừng, đèn tự sáng full. Giờ lại tiếp tục bảo hành. Tốn gần 3 triệu không sử dụng được"
48,https://www.dienmayxanh.com/quat-dieu-hoa/ava-rpd-80,Đủ,ĐMX,4,2 tháng,"Quạt sài mát, k ồn."
49,https://www.dienmayxanh.com/quat-dieu-hoa/ava-rpd-80,Minh Thuyết,ĐMX,1,3 tháng,"Mua quạt khoảng tháng 04/2024, đến nay gần 5 tháng. Chỉ sử dụng được gần 4 tháng, vì lý do bảo hành 2 lần, mỗi lần gần 15 ngày. Lúc mới mua về, thanh điều chỉnh luồn gió lên xuống, cứ rũ xuống, phải dùng vật kê lên, vẫn sử dụng được. Sau hơn 2 tháng sử dụng, hệ thống đèn báo chức năng sử dụng bị đơ, bảo hành gần 15 ngày.Sau khi bảo hành xong hệ thống đèn, vừa nhận lại quạt thì phát ống thoát nước bị tuột, nướ c chảy kêu lỏn tỏn, không ngủ được. Bảo hành tiếp thêm gần 15 ngày nữa.Hiện tại lại phát sinh, thanh đảo gió trái phải thỉnh thoảng tự động ngắt, rồi đứng yên. Đồng thời hệ thống nút bấm cảm ứng điều khiển bị đơ, không sử dụng được, chỉ điều khiển bằng remote. Định mang bảo hành nhưng thôi vì phải chờ 15 ngày mới xong, thời tiết mấy hôm nay lại nóng.Thôi đành chịu vậy"
50,https://www.dienmayxanh.com/quat-dieu-hoa/ava-rpd-80,Võ Thị Thuý Tiên,ĐMX,1,3 tháng,"mua cũng hơn 3tr mà rất tệ, bị lỗi cảm.ứng tự nhảy kêu tít tít loạn xạ, cân nhấc nên mua quạt nha mọi người, thật lòng đừng mua phí tiền"
51,https://www.dienmayxanh.com/quat-dieu-hoa/ava-rpd-80,Thu Thảo,ĐMX,1,3 tháng,"Tôi mua quạt vs giá hơn 3tr, sài nay cũg đc gần 4 thág, thì đèn cảm ứg bất đầu loạn xạ, bật hay kô thì đèn vẫn ság, đèn chế độ lạh thì ko ság, quạt kiu tít tít ság đêm,cảm ứg thì lúc ăn lúc hk,gọi b.hàh thì phải đem máy về hãg sửa trog 15 ngày, v mà để 12thág hư gì đổi nấy tại nhà, giờ bên ĐMX ko có thợ sửa tận nhà,cảm thấy mất niềm tin ghê. Sản phẩm QUÁ TỆ"
52,https://www.dienmayxanh.com/quat-dieu-hoa/ava-rpd-80,CHẾ ANH KHÔI,ĐMX,5,1 tuần,TRÊN CẢ TUYỆT VỜI
53,https://www.dienmayxanh.com/quat-dieu-hoa/ava-rpd-80,Trúc Thanh,ĐMX,1,4 tháng,"Tôi mua giá hơn 3 triệu, sử dụng được 4 tháng đèn cảm ứng sáng loạn xạ, bật hay tắt gì vẫn sáng, nút chế độ lạnh thì không sáng. Gọi bảo hành thì bảo phải mang máy về hãng sửa tầm 15 ngày, vậy 15 ngày trời nóng như thiêu đốt thế này thì lấy đâu ra quạt, bên ĐMX không hỗ trợ sữa tại chỗ, cũng không có biện pháp đưa quạt cũ tạm thay thế trong thời gian bảo hành. Sản phẩm tệ không nên mua. Chính sách bảo hành cùi bắp"
54,https://www.dienmayxanh.com/quat-dieu-hoa/ava-rpd-80,Cao Hoàng Anh,ĐMX,1,3 tháng,Đèn cảm ứng tắt cũng như bật lúc nào cũng sáng mới xài dc mất tháng ko đág để mua
55,https://www.dienmayxanh.com/quat-dieu-hoa/ava-rpd-80,Hùng,ĐMX,3,1 tháng,Cho hỏi shop có bán remote quạt điều hòa ava rpd 80 không vậy
56,https://www.dienmayxanh.com/quat-dieu-hoa/ava-rpd-80,Nguyễn Minh Hiếu,ĐMX,2,3 tháng,"Mong xử lý giúp tôi đang dùng bình thường thì tất cả đèn tự nhiên sáng lên, nút tốc độ thì không cảm ứng được mất cái điều khiển chắc khỏi mở quạt luôn"
57,https://www.dienmayxanh.com/quat-dieu-hoa/ava-rpd-80,NGUYỄN HOÀNG HẬN,ĐMX,3,2 tháng,"Quạt tốt trong tầm giá , chế độ gió mạnh không có điểm nỗi bật , nhìn chung ổn"
58,https://www.dienmayxanh.com/quat-dieu-hoa/ava-rpd-80,Phạm Ngọc Huy,ĐMX,1,1 tháng,Bị lỗi cảm ứng
59,https://www.dienmayxanh.com/quat-dieu-hoa/ava-rpd-80,Duy,ĐMX,3,2 tuần,Ko tốt lắm
60,https://www.dienmayxanh.com/quat-dieu-hoa/ava-rpd-80,Mai Thị Thu Sương,ĐMX,1,2 tháng,"quạt như cứt, chạy loạn cảm ứng như ma nhập vậy, nữa đêm tít tít tưởng tượng như ai bấm vậy á, yêu cầu sử lý gấp 3tr mấy chứ phải giấy đâu"
61,https://www.dienmayxanh.com/quat-dieu-hoa/ava-rpd-80,Thái Tôn,ĐMX,5,2 tháng,Sản phẩm rất tốt nhân viên làm việc chậm trễ
62,https://www.dienmayxanh.com/quat-dieu-hoa/ava-rpd-80,Thảo,ĐMX,3,2 tháng,"Quạt bị loạn cảm ứng khi không sử dụng, liên hệ bảo hành không được"
63,https://www.dienmayxanh.com/quat-dieu-hoa/ava-rpd-80,Khang,ĐMX,3,1 năm,Quạt của tôi bị hư cảm ứng.kiểm tra giùm tôi coi còn bảo hành k ad
64,https://www.dienmayxanh.com/quat-dieu-hoa/ava-rpd-80,Lương Quốc Dũng,ĐMX,3,1 tháng,Tôi đã mua cần hỗ trợ kĩ thuật bảo hành ak xxxx462560 Dũng
65,https://www.dienmayxanh.com/quat-dieu-hoa/ava-rpd-80,Thu,ĐMX,4,1 tuần,"Quạt chạy mạnh, êm, mát."
66,https://www.dienmayxanh.com/quat-dieu-hoa/ava-rpd-80,Nguyễn Hoài Huy,ĐMX,3,1 tuần,"Quạt hơi yếu, làm lạnh lâu lý do là khe hút gió với chất liệu làm mát kh tối ưu tấm tổ ong thiết kế gió vô kh nhiều."
67,https://www.dienmayxanh.com/quat-dieu-hoa/ava-rpd-80,Văn Trai,ĐMX,5,1 tuần,LikeXứngTầm tiền
68,https://www.dienmayxanh.com/quat-dieu-hoa/ava-rpd-80,Nguyễn Văn Kỳ,ĐMX,3,1 ngày,Quạt kèm 2da kho mà thành 2hop không bơm nước vào không lạnh gì hết
69,https://www.dienmayxanh.com/quat-dieu-hoa/ava-rpd-80,Huỳnh Quang,ĐMX,3,1 tuần,Quạt tự động chuyển đổi gió nhờ ĐMX hỗ trợ giúp xử lí khắc phục cảm thấy hơi khó chịu liên tục bật tắc....
70,https://www.dienmayxanh.com/quat-dieu-hoa/ava-rpd-80,Hứa Phú,ĐMX,1,1 tháng,"Mua gần 3tr sài chưa được 1 tháng hư nút ioner, bảo hành chậm chạp có cây quạt bảo hành 1015 ngày, nhà nóng ko có quạt sài mới đi mua quạt mà bắt đợi bảo hành 15 ngày mới xong, trong khi đó không hỗ trợ khách có quạt khác thay thế trong lúc bảo hành, bảo hành ngắn quạt hào phát mua tầm 2tr hơn hành 24 tháng ở fpt shop, trong khi đó mua ở dmx chỉ được bh 12 tháng, nhân viên tổng đài hỗ trợ thờ ơ với khách, đã mua nhìu sp ở đây và sẽ không ghé lại, cảm thấy rất thất vọng với dịch vụ ở dmx"
71,https://www.dienmayxanh.com/quat-dieu-hoa/ava-rpd-80,A Linh,ĐMX,1,1 tháng,"cảm ứng sáng loạn, nút nhấn tự bật tự tắt, liên hệ bảo hành trên ap không được phản hồi."
72,https://www.dienmayxanh.com/quat-dieu-hoa/ava-rpd-80,LÂM ĐÌ NA,ĐMX,5,1 tuần,Dùng tốt nhé
73,https://www.dienmayxanh.com/quat-dieu-hoa/ava-rpd-80,Tấn Thành,ĐMX,1,1 tháng,"Lúc mua không xem đánh giá của mọi người, mua về sử dụng lỗi như mọi người luôn, loạn led, đỗ nước, remote lúc ăn lúc không, dây nguồn rất ngắn, mũ mõng tanh , vỏ không liền lạc. Mình đánh giá 1 câu thương hiệu cần cố gắng để hoàn thiện sản phẩm tốt hơn, chứ sản phẩm hiện tại rất ư là tệ với giá 3tr3."
74,https://www.dienmayxanh.com/quat-dieu-hoa/ava-rpd-80,Đoàn Thị Vân,ĐMX,5,1 tháng,Sản phẩm tốt
75,https://www.dienmayxanh.com/quat-dieu-hoa/ava-rpd-80,Long,ĐMX,3,3 tuần,"Mình thấy không đáng tiền. Quạt ồn,"
76,https://www.dienmayxanh.com/quat-dieu-hoa/ava-rpd-80,Thọ,ĐMX,1,1 tháng,"Quá tệ , xài chưa đầy 1 tháng , hư bảng hiển thị đèn điều khiển , kêu bảo hành thì hẹn 3 ngày mới xuống, Xong ko thấy xuống, gọi điện hẹn lại mang máy đi kiểm tra 15 ngày Vậy 15 ngày đó xài bằng cái gì mấy cha nội Dịch vụ quá tệ . sai lầm khi mua"
77,https://www.dienmayxanh.com/quat-dieu-hoa/ava-rpd-80,Khang,ĐMX,2,3 tuần,"Dàn đèn trên tự sáng khi chưa bật chế độ, Chế độ đảo quạt tắt rồi mà tự khỏi động lại"
78,https://www.dienmayxanh.com/quat-dieu-hoa/ava-rpd-80,Trang,ĐMX,1,1 tháng,Sản phẩm không tốt chưa sử dụng được nữa tháng mà đã hư nút xã nước dậy kính cũng chảy nước ra nữa là sao sản phẩm kém chất lượng
79,https://www.dienmayxanh.com/quat-dieu-hoa/ava-rpd-80,A Hưởng,ĐMX,2,2 tuần,quạt bị liệt nút cảm ứng có đổi trả được ko vậy
80,https://www.dienmayxanh.com/quat-dieu-hoa/ava-rpd-80,Linh,ĐMX,5,1 tuần,OK
81,https://www.dienmayxanh.com/quat-dieu-hoa/ava-rpd-80,Sô Khum,ĐMX,4,1 tuần,Tốt
82,https://www.dienmayxanh.com/quat-dieu-hoa/ava-rpd-80,Duyên,ĐMX,3,2 ngày,Bật chế độ hơi nước thì nước văng ra Mới dùng dk 2 ngày muốn đổi trả ạ
83,https://www.dienmayxanh.com/quat-dieu-hoa/ava-rpd-80,Chị Nhi,ĐMX,2,1 tháng,"Nút cảm ứng lúc bấm được, lúc k, đèn trên quạt tự sáng hết."
84,https://www.dienmayxanh.com/quat-dieu-hoa/ava-rpd-80,Anh Tân,ĐMX,4,3 tuần,Đáng đồng tiền
85,https://www.dienmayxanh.com/quat-dieu-hoa/ava-rpd-80,Huy,ĐMX,3,2 tuần,"Quạt kêu lớn, mới dùng 2 tuần thì bị lỗi phần ion"
86,https://www.dienmayxanh.com/quat-dieu-hoa/ava-rpd-80,Anh Quốc Anh,ĐMX,4,1 tuần,"Máy quạt mát, êm nhưng cảm biến nhiệt độ không thấy thay đổi khi đã mát."
87,https://www.dienmayxanh.com/quat-dieu-hoa/ava-rpd-80,NGUYEN HOANG PHUONG HAO,ĐMX,1,1 tuần,"Mới mua được 2 bữa đã hư,gọi bảo hành thì phải trả tiền thay linh kiệnTin tưởng đmx,không kiểm tra hàng kĩ,giao hàng tồn trong kho cho khách,rồi hư,bên công ty thì không chịu trách nhiệm cho hàng của mìnhKhông nên mua hàng bên hãng này,"
88,https://www.dienmayxanh.com/quat-dieu-hoa/ava-rpd-80,Ngô Thanh Phong,ĐMX,4,1 tuần,Tốt
89,https://www.dienmayxanh.com/quat-dieu-hoa/ava-rpd-80,Phạm Minh Nhân,ĐMX,2,1 tuần,Nước văng tùm lum
90,https://www.dienmayxanh.com/quat-dieu-hoa/ava-rpd-80,Lê Thị Thu Thúy,ĐMX,5,1 tuần,Xài ok ạ
91,https://www.dienmayxanh.com/quat-dieu-hoa/ava-rpd-80,Trịnh Thị Thúy Hường,ĐMX,4,1 tuần,Quạt ok
92,https://www.dienmayxanh.com/quat-dieu-hoa/ava-rpd-80,Phùng Văn Nghĩa,ĐMX,2,1 tuần,Quạt yếu k mát
93,https://www.dienmayxanh.com/quat-dieu-hoa/ava-rpd-80,Loan,ĐMX,5,1 tuần,Sp tốt
94,https://www.dienmayxanh.com/quat-dieu-hoa/ava-rpd-80,Nguyễn Phạm Thanh Tuyền,ĐMX,4,2 tuần,Quạt có nước hay không dùng nước đều mát. Hiện xài 2 tuần thấy ổn.
95,https://www.dienmayxanh.com/quat-dieu-hoa/ava-rpd-80,Trần Chánh Lập,ĐMX,4,1 tuần,Hàng tốt
96,https://www.dienmayxanh.com/quat-dieu-hoa/ava-rpd-80,Nguyễn Văn Lân,ĐMX,5,1 tuần,Tôt
97,https://www.dienmayxanh.com/quat-dieu-hoa/ava-rpd-80,Bui Thi Kim Cuong,ĐMX,3,3 tuần,"Mua được gần 3 tuần, mọi thứ chạy ổn nhưng nút cảm ứng Speed nhấn không được nữa. Nút cảm ứng có vẻ dễ hư nha mọi người. Hên còn có remote. Nhưng nếu remote mà không okie nữa thì không biết sao luôn. Giờ mà gọi ĐMX thì ko biết con đổi chạy ổn như con này không nên chưa gọi. Khá hoang mang."
98,https://www.dienmayxanh.com/quat-dieu-hoa/ava-rpd-80,Lê Minh Đông,ĐMX,5,1 tuần,Gì cũng OK. Có đảo gió tay lên xuống hơi lỏng. Nó cứ tuột xuống hoài..
99,https://www.dienmayxanh.com/quat-dieu-hoa/ava-rpd-80,Kim Thoa,ĐMX,3,1 tháng,Quạt chạy êm mà bị lỗi led rồi chưa được giải quyết
100,https://www.dienmayxanh.com/quat-dieu-hoa/ava-rpd-80,Mỹ Duyên,ĐMX,3,1 tuần,Bất chế độ hơi nước nhưng không cảm nhận được sự thay đổi so với không bật
101,https://www.dienmayxanh.com/quat-dieu-hoa/ava-rpd-80,Le Anh Thư,ĐMX,5,3 tuần,Ok
102,https://www.dienmayxanh.com/quat-dieu-hoa/ava-rpd-80,Công Ty Tnhh Thiết Kế In Ấn In Việt,ĐMX,1,1 năm,Quạt như. Sài gần hết bảo hành là hư. Lên bảo hành mất 20 ngày về sài được ít hôm lại hư. Cảm ứng tự nhảy như ma bấm vậy
103,https://www.dienmayxanh.com/quat-dieu-hoa/ava-rpd-80,Trâm,ĐMX,2,3 tuần,"Mua máy gần 1th tới nay nút power k bấm dc, bấm chế độ lm mát thì nước văng ra như phun sương, quạt càng ngày càng nóng k mát như lúc đầu. Gọi tổng đài cả ngày đều báo nhân viên bận k ai nghe. ĐMX hỗ trợ gọi lại giùm e"
104,https://www.dienmayxanh.com/quat-dieu-hoa/ava-rpd-80,Bảo,ĐMX,5,1 tuần,mát
105,https://www.dienmayxanh.com/quat-dieu-hoa/ava-rpd-80,Ngô Văn Ninh,ĐMX,5,1 tuần,"Quạt hơi Nước rất tốt ,Máy chạy êm ko gây tiếng ồnQuạt mát"
106,https://www.dienmayxanh.com/quat-dieu-hoa/ava-rpd-80,Nguyễn Hoàng Khương,ĐMX,1,1 ngày,"Hàng mới nhận đã hỏng, nhờ sửa chữa thay thế mà đến ngày mai mới nhận. Rất tệ"
107,https://www.dienmayxanh.com/quat-dieu-hoa/ava-rpd-80,Duy,ĐMX,1,2 ngày,"Mới mua đc 4, 5 hôm, nhưng đã không bơm được nước. Mới trưa còn dùng chế độ cooling bình thường, nhưng tới tối thì không thấy nước bơm lên. Dù đã bật chế độ cooling và nước vẫn còn nhiều"
108,https://www.dienmayxanh.com/quat-dieu-hoa/ava-rpd-80,Dương Thị Cẩm Tiên,ĐMX,1,1 ngày,Sao càng lúc quạt nhiệt độ càng tăng toi muốn đổi cái khác.cang quạt càng nóng
109,https://www.dienmayxanh.com/quat-dieu-hoa/ava-rpd-80,Bùi Khắc Hân,ĐMX,5,1 tuần,Tốt
110,https://www.dienmayxanh.com/quat-dieu-hoa/ava-rpd-80,Nguyễn Thanh Huy,ĐMX,2,1 ngày,"Quạt mới mua sử dung dc 1 ngày Hiển thị nhiệt độ vẫn 34 độ ko xuống nhiệt, xin ace cho kiến khắc phục"
111,https://www.dienmayxanh.com/quat-dieu-hoa/ava-rpd-80,C Yến,ĐMX,3,1 tuần,"Đã mua, do bận lễ hay nghĩ chủ nhật mà liên hệ bảo hành hoài máy bận, khi dc thì bên tận tâm chỉ gọi nhỡ 1 cuộc rồi thôi. Lỗi đơn giản do cánh quạt rớt lên rớt xuống. Tân trụ long an. Liên hệ lại tôi. Ko thì hết dám mua nữa nhé"
112,https://www.dienmayxanh.com/quat-dieu-hoa/ava-rpd-80,NGUYỄN NHỰT TRƯỜNG,ĐMX,1,1 tuần,"Đến Mua Thì Nhiệt Tình, Đến Khi Bảo Hành Thì Hẹn Lúc Này Đến Lúc Khác, Khi Nhà Có Trẻ Em Mua Về Sử Dụng Mà Cứ Hứa Vào BH Mà Không Một Cuộc Gọi Để Kiểm Trả Sữa Chữa"
113,https://www.dienmayxanh.com/quat-dieu-hoa/ava-rpd-80,Chị Đào,ĐMX,5,3 tuần,Sản phẩm tốt nhe
114,https://www.dienmayxanh.com/quat-dieu-hoa/ava-rpd-80,Ngô Thị Kim Hương,ĐMX,5,3 tuần,Quạt sài ok nhưng khó vệ sinh
115,https://www.dienmayxanh.com/quat-dieu-hoa/ava-rpd-80,Phan Thành Nam,ĐMX,4,1 tuần,Sản phẩm ổn
116,https://www.dienmayxanh.com/quat-dieu-hoa/ava-rpd-80,Phan Huỳnh Quang Thái,ĐMX,5,1 tháng,Xài tốt
117,https://www.dienmayxanh.com/quat-dieu-hoa/ava-rpd-80,Duyen,ĐMX,3,1 ngày,"Hộp gel đá khô bình thường à, cũng như cũng nước đá bình thường hoi, mà kh có mát như lời đồn c nói chung bth vãi ò, muốn mát chắc phải để thêm nước đá bi lúc cho nước đá vô á"
118,https://www.dienmayxanh.com/quat-dieu-hoa/ava-rpd-80,Anh Du,ĐMX,3,2 tuần,Tạm ổn
119,https://www.dienmayxanh.com/quat-dieu-hoa/ava-rpd-80,Anh Triều,ĐMX,4,1 tuần,Soài ok mk hoi ton nứoc
120,https://www.dienmayxanh.com/quat-dieu-hoa/ava-rpd-80,Lê Quốc Tiên,ĐMX,1,11 tháng,"Bảo hành mất phí mà làm ăn thiếu trách nhiệm, hứa lèo với khách hàng."
121,https://www.dienmayxanh.com/quat-dieu-hoa/ava-rpd-80,Anh Nguyễn Bá,ĐMX,5,1 tuần,Rất ok
122,https://www.dienmayxanh.com/quat-dieu-hoa/ava-rpd-80,Văn Chính,ĐMX,5,1 tuần,Như máy điều hòa
123,https://www.dienmayxanh.com/quat-dieu-hoa/ava-rpd-80,Mai,ĐMX,4,1 tuần,Quạt xài êm mát
124,https://www.dienmayxanh.com/quat-dieu-hoa/ava-rpd-80,Đỗ Chí Thanh,ĐMX,5,1 tuần,"Tốt, mát. Nên mua"
125,https://www.dienmayxanh.com/quat-dieu-hoa/ava-rpd-80,PHAN VĂN MÌ,ĐMX,3,1 tuần,Tam ổn
126,https://www.dienmayxanh.com/quat-dieu-hoa/ava-rpd-80,Lê Na,ĐMX,3,1 tuần,Tạm ổn
127,https://www.dienmayxanh.com/quat-dieu-hoa/ava-rpd-80,Nguyễn Thị Sinh,ĐMX,5,1 tuần,Rất tốt
128,https://www.dienmayxanh.com/quat-dieu-hoa/ava-rpd-80,Nguyễn Quang Minh,ĐMX,2,1 tuần,Ko như thực tế
129,https://www.dienmayxanh.com/quat-dieu-hoa/ava-rpd-80,Nguyệt,ĐMX,3,3 ngày,"tôi mới mua loại này,nhưng hộp gel đá khô,không có gì,khi cho nước vô,bỏ tủ lạnh rồi thì thấy như đá thường,chỉ ra ngoài đc 1 tí là nó rã thành nước hết,không mát như quảng cáo,có gì đó sai sai ở đây không"
130,https://www.dienmayxanh.com/quat-dieu-hoa/ava-rpd-80,Trần Huyền Trang,ĐMX,5,1 tuần,"Hi. Quạt mát, ko ồn nhé. Nhỏ gọn xinh xắn và nhà ba mình cũng mua 1 cái."
131,https://www.dienmayxanh.com/quat-dieu-hoa/ava-rpd-80,Anh Chung,ĐMX,4,1 tuần,Tốt
132,https://www.dienmayxanh.com/quat-dieu-hoa/ava-rpd-80,Trung,ĐMX,5,1 tháng,"Quạt làm lạnh mau, mát lắm"
133,https://www.dienmayxanh.com/quat-dieu-hoa/ava-rpd-80,NGUYỄN THỊ MỸ NHƯ,ĐMX,4,1 tuần,Ok lắm ak
134,https://www.dienmayxanh.com/quat-dieu-hoa/ava-rpd-80,Nguyễn Công Thành,ĐMX,4,2 tuần,Ổn vs tầm giá
135,https://www.dienmayxanh.com/quat-dieu-hoa/ava-rpd-80,Phụng,ĐMX,5,4 tuần,Sản phẩm quạt AVA sử dụng rất tốt.tiêu thụ điện năng ít
136,https://www.dienmayxanh.com/quat-dieu-hoa/ava-rpd-80,Lâm,ĐMX,4,2 tuần,"Hàng OK, giá cả hợp lý."
137,https://www.dienmayxanh.com/quat-dieu-hoa/ava-rpd-80,Kim Ngọc,ĐMX,4,1 tuần,Để ở nơi rộng rãi thoáng thì quạt mát trong phòng kín sẽ không mát được mấy
138,https://www.dienmayxanh.com/quat-dieu-hoa/ava-rpd-80,Quang,ĐMX,5,1 tuần,Mát dùng cũng ổn
139,https://www.dienmayxanh.com/quat-dieu-hoa/ava-rpd-80,LÊ THỊ NGỌC HUỆ,ĐMX,4,1 tuần,Tốt nhé
140,https://www.dienmayxanh.com/quat-dieu-hoa/ava-rpd-80,NGUYỄN NGỌC SƯƠNG,ĐMX,3,1 tuần,Nút cảm ứng ko nhạy lúc đ lúc ko
141,https://www.dienmayxanh.com/quat-dieu-hoa/ava-rpd-80,Hoa,ĐMX,3,1 năm,Xài chưa được 9 tháng mà phải đi bảo hành 2 lần.
142,https://www.dienmayxanh.com/quat-dieu-hoa/ava-rpd-80,Dương Thị Hạnh,ĐMX,3,1 tuần,"Quạt mát, nhưng nut bật tắt không nhạy lắm. Lúc đuọc lúc không. Phải dùng remote."
143,https://www.dienmayxanh.com/quat-dieu-hoa/ava-rpd-80,Anh Tình,ĐMX,5,1 tuần,Quạt dùng rất tốt
144,https://www.dienmayxanh.com/quat-dieu-hoa/ava-rpd-80,HOÀNG PHƯƠNG QUỲNH GIAO,ĐMX,2,9 tháng,Mới xài mấy ngày là hư dàn đèn nhảy sáng hết . K quan tâm lắm vẫn xài tiếp tới nay đang xài tự yếu rồi tắt lát hồi tự mở . Chả hiểu . Gọi tổng đài thì kêu cho nv liên hệ lại vẫn chưa thấy . Trời mùa hè nóng chêtme
145,https://www.dienmayxanh.com/quat-dieu-hoa/ava-rpd-80,Chị Thuận,ĐMX,4,1 tuần,Tốt ok lắm mọi người
146,https://www.dienmayxanh.com/quat-dieu-hoa/ava-rpd-80,Lập,ĐMX,4,1 tuần,"Quạt tốt, không tiếng ồn"
147,https://www.dienmayxanh.com/quat-dieu-hoa/ava-rpd-80,Nguyễn Ngọc Trung,ĐMX,5,1 tuần,A chứ ko phải chị nhá
148,https://www.dienmayxanh.com/quat-dieu-hoa/ava-rpd-80,Tống Minh Nhựt,ĐMX,5,1 tuần,Xài rất êm và rất mát
149,https://www.dienmayxanh.com/quat-dieu-hoa/ava-rpd-80,Phan Thị Hồng Linh,ĐMX,5,1 tuần,Okie
150,https://www.dienmayxanh.com/quat-dieu-hoa/ava-rpd-80,A Nhơn,ĐMX,5,1 tuần,Rất tốt
151,https://www.dienmayxanh.com/quat-dieu-hoa/ava-rpd-80,Nguyễn Duy Tân,ĐMX,5,1 tuần,Máy chạy im và mát lắm nha mọi người nên mua ạ
152,https://www.dienmayxanh.com/quat-dieu-hoa/ava-rpd-80,Nguyễn Thị Cẩm Tiên,ĐMX,5,1 tuần,sài êm..nên mua
153,https://www.dienmayxanh.com/quat-dieu-hoa/ava-rpd-80,Nguyễn Kim Nam,ĐMX,2,11 tháng,"Mua 4 cây đợt nóng năm ngoái 2 cây hãng sunhoue sài tốt , riêng 2 cây AVA thì dc 4 tháng lỗi bật mức 3 mới quay mức 1 vs 2 không còn quay quạt nữa....vãi hồn. coi như vứt 5tr thôi @@"
154,https://www.dienmayxanh.com/quat-dieu-hoa/ava-rpd-80,Nguyen Ha,ĐMX,5,3 tuần,Tốt
155,https://www.dienmayxanh.com/quat-dieu-hoa/ava-rpd-80,Ngân,ĐMX,1,1 năm,"Mua về đc 2 tháng hư hết dàn nút cảm biến, sángnay ngủ dậy thấy im re luôn. Vãi cứt thiệt."
156,https://www.dienmayxanh.com/quat-dieu-hoa/ava-rpd-80,Hồ Thị Sương,ĐMX,1,9 tháng,"Đã trải nghiệm quạt hơi nước AVAtừ ngày 11.3.2023. hư 3 lần. Lần 1 bảo hành 1 tháng. Lần 2 bảo hành 10 ngày, đưa về xài 1 tháng hư tiếp. Lần 3 tiếp tục bảo hành. Hãng đổ lỗi khách hàng làm mất tem bảo hành nên ko nhận bảo hành. Tôi trả lại thì nói sẽ gửi về hãng, nhưng lại Yêu cầu bỏ 800k để thay linh kiện đợt bảo hành lần 3 này tôi đã yêu cầu hãng bảo hành 3 lần nhưng vẫn ko được chấp nhận, tức quạt xài 9 tháng thì fai gửi về hãng 6 lần, thời gian xài ở nhà chỉ đc 6 tháng. Ủa, hãng cho rằng chúng tôi tự mở quạt ra xé tem bảo hành vậy chúng tôi mua sản phẩm có 12 tháng bảo hành làm gì Nực cười ko Nói chung hãng này xài chất lượng quá kém, chế độ bảo hành cực tệ. Là 1 khách hàng thường xuyên của ĐMX, Bách hoá xanh, Thế giới di động.... Tôi hi vọng tập đoàn TGDD ko bán những sản phẩm kém chất lượng như thế này cho các khách hàng khác, làm tốn tiền khách hàng."
157,https://www.dienmayxanh.com/quat-dieu-hoa/ava-rpd-80,Huỳnh Thanh Sang,ĐMX,1,8 tháng,"Mua chưa hết bảo hành lỗi, hãng làm ăn rất tệ, chất lượng kém, bảo hành đỗ lỗi khách dùng hư, bắt khách phải bỏ thêm 300k thay linh kiện, khuyên mọi người né cái hãng này ra, bức xúc,tẩy chay.yêu cầu đem về nhà bán ve chai đập bỏ"
158,https://www.dienmayxanh.com/quat-dieu-hoa/ava-rpd-80,Nguyễn Duy Cường,ĐMX,1,8 tháng,Mua chưa dc 1 năm mà bảo hành 2 lần bảo hành lần đầu xong bị mất luôn cảm biến mức nước luôn . Nhân viên giải đáp qua loa không trách nhiệm
159,https://www.dienmayxanh.com/quat-dieu-hoa/ava-rpd-80,THẠCH MINH CHÂU,ĐMX,3,4 tuần,Ở trong phòng mà hiển thị nhiệt độ lúc 7h30 tối là 30C ko biết cảm ứng đúng nhiệt độ ko. Dùng trong phòng ngủ ok còn chức năng lọc ion ko có cái gì để kiểm tra nên ko biết máy hoạt động như thế nào.
160,https://www.dienmayxanh.com/quat-dieu-hoa/ava-rpd-80,Ngô Văn Thuấn,ĐMX,1,1 năm,Vừa hết thời gian bảo hành là hư
161,https://www.dienmayxanh.com/quat-dieu-hoa/ava-rpd-80,Lê Thanh Hiệp,ĐMX,2,6 tháng,mình mua máy sử dụng được 6 tháng thì thời gian đầu xài ổn nhưng sau thời gian thì có bị rò rỉ điện tại vị trí để đá khô mình bị giật điện khi muốn lấy chai đá khô ra điện nó không mạnh nhưng nó làm tim của mình đập mạnh
162,https://www.dienmayxanh.com/quat-dieu-hoa/ava-rpd-80,Lê Thị Quỳnh Như,ĐMX,3,4 tháng,mới mu về dc mấy ngày bị lỗi đèn led nên đổi cái khác xài dc 4 tháng thì hư nguồn k bật lên dc nữa. giờ đen đi bảo hành tới 14 ngày mới nhận dc. thua lun cả cây quạt mua ở cửa hàng ngoài k có danh tiếng. bảo hành sữa chữa cũng lâu. đợi 14 ngày tốn thêm tiền mua cây quạt treo tường. thất vọng
163,https://www.dienmayxanh.com/quat-dieu-hoa/ava-rpd-80,Dương Gia Hưng,ĐMX,1,11 tháng,Chất lượng sản phẩm quá tệ. Hư quá hư.Lúc trước xài cây quạt điều hòa này vài tháng đi bảo hành 2 lần. Bực quá mua lại cây quạt bình thường khác cũng tại Điện Máy Xanh.Cây quạt xài được vài tháng hết muốn quay gọi điện vẫn 1 thông tin như cũ đem ra cửa hàng các bạn kiểm tra và đợi 2 tuần.thời gian tôi ai đền cứ 1 vòng xoay làm qua làm lại Thanh toán bảo hành 2 tuần trả về bảo hành...
164,https://www.dienmayxanh.com/quat-dieu-hoa/ava-rpd-80,Chua Phan,ĐMX,2,3 tháng,Mua trả góp chưa hát mới 4thang đã lỗiKhá thất vọng
165,https://www.dienmayxanh.com/quat-dieu-hoa/ava-rpd-80,Định,ĐMX,5,4 tháng,Xài được hơn nửa năm. Rất hài lòng không có gì để chê
166,https://www.dienmayxanh.com/quat-dieu-hoa/ava-rpd-80,Nguyễn Thanh Toàn,ĐMX,1,2 tháng,"Mua được khoản 33 ngày thì hỏng, gọi bảo hành thì đến mang đi tới tận bây giờ tầm khoản 2 tháng, gọi ĐMX bảo chuyển bộ phận bảo hành, rồi bộ phận bảo hành lại nói em sẽ liên hệ anh sau, từ khi nào ĐMX thiếu trách nhiệm với khách hàng như vậy, trong khi mình đã mua hàng rất nhiều, chất lượng ngày càng đi xuống, thiếu chuyên nghiệp. Mong quý lãnh đạo xem xét mất khách hết ạ!!!"
167,https://www.dienmayxanh.com/quat-dieu-hoa/ava-rpd-80,Nguyễn Thị Hoài Thương,ĐMX,5,2 tháng,sp tốt bền mát
168,https://www.dienmayxanh.com/quat-dieu-hoa/ava-rpd-80,Nguyễn Phượng,ĐMX,3,1 tuần,Quạt phun nước rất là ồn
169,https://www.dienmayxanh.com/quat-dieu-hoa/ava-rpd-80,Nguyễn Lộc,ĐMX,5,1 tháng,máy sản phẩm trưng bày nhừng sài rất ok
170,https://www.dienmayxanh.com/quat-dieu-hoa/ava-rpd-80,Trường,ĐMX,1,1 tháng,Chậm
171,https://www.dienmayxanh.com/quat-dieu-hoa/ava-rpd-80,Anh Thịnh,ĐMX,3,1 tuần,Máy quạt mát nên mua sử dụng gia đình
172,https://www.dienmayxanh.com/quat-dieu-hoa/ava-rpd-80,Phan Thái Sang,ĐMX,1,1 tháng,Quạt mới mua hơn tháng mà bị lỗi đèn led mặc dù không ấn mở chức năng đó...chất lượng hơi tệ nhe.
173,https://www.dienmayxanh.com/quat-dieu-hoa/ava-rpd-80,Anh Văn,ĐMX,4,2 tháng,xài dc 3 tháng rồi.khá ok.
174,https://www.dienmayxanh.com/quat-dieu-hoa/ava-rpd-80,Di,ĐMX,4,3 tháng,Ok
175,https://www.dienmayxanh.com/quat-dieu-hoa/ava-rpd-80,Võ Thái Huân,ĐMX,5,1 tuần,Ok
176,https://www.dienmayxanh.com/quat-dieu-hoa/ava-rpd-80,Hồ Văn Trinh,ĐMX,4,2 tuần,Tốt
177,https://www.dienmayxanh.com/quat-dieu-hoa/ava-rpd-80,Đặng Thành Luân,ĐMX,5,1 tuần,Dùng tốt
178,https://www.dienmayxanh.com/quat-dieu-hoa/ava-rpd-80,Anh Lệ,ĐMX,2,2 tuần,Đang bị rỉ nước chỗ van xã nước. Nho DMX kiem tra hàng lỗi giúp
179,https://www.dienmayxanh.com/quat-dieu-hoa/ava-rpd-80,An,ĐMX,5,1 tuần,"Hàng tốt, máy chạy êm. Nhân viên điện máy xanh thân thiện."
180,https://www.dienmayxanh.com/quat-dieu-hoa/ava-rpd-80,Ty Na,ĐMX,5,1 tháng,Rất hài lòng
181,https://www.dienmayxanh.com/quat-dieu-hoa/ava-rpd-80,Vũ,ĐMX,5,1 tuần,Tốt
182,https://www.dienmayxanh.com/quat-dieu-hoa/ava-rpd-80,THÁI GIA HƯNG,ĐMX,4,1 tuần,Sản phẩm ok
183,https://www.dienmayxanh.com/quat-dieu-hoa/ava-rpd-80,LÊ QUỐC HÙNG,ĐMX,5,2 ngày,Dạ cho e hỏi van xả nước nó bị rò rỉ nước thì làm sao ạ
184,https://www.dienmayxanh.com/quat-dieu-hoa/ava-rpd-80,TRẦN THỊ THU THẢO,ĐMX,5,1 tuần,"chạy êm, mát cực, chưa bỏ đá lạnh đã mát. Rất thích sp này. Mua trúng khuyến mãi giá cực hời"
185,https://www.dienmayxanh.com/quat-dieu-hoa/ava-rpd-80,Thành,ĐMX,2,1 tuần,Sản phầm hoàn thiện kém ko nên mua
186,https://www.dienmayxanh.com/quat-dieu-hoa/ava-rpd-80,Nương,ĐMX,5,1 tuần,Quá êm
187,https://www.dienmayxanh.com/quat-dieu-hoa/ava-rpd-80,Mẫn,ĐMX,4,1 tuần,Quạt ok nhưng remote ko nhạy phải đứng gần bấm mới nhận khoảng nửa m
188,https://www.dienmayxanh.com/quat-dieu-hoa/ava-rpd-80,Trần Văn Sự,ĐMX,5,1 tuần,Rat tot.
189,https://www.dienmayxanh.com/quat-dieu-hoa/ava-rpd-80,Xuân Chưởng,ĐMX,5,1 tuần,Quạt xài êm mát.
190,https://www.dienmayxanh.com/quat-dieu-hoa/ava-rpd-80,Huỳnh Văn Hải,ĐMX,5,1 tuần,Quạt cũng khá ổn.không lạnh lắm nhưng cũng đủ làm mát.
191,https://www.dienmayxanh.com/quat-dieu-hoa/ava-rpd-80,Ngan,ĐMX,4,1 tuần,"Quạt rất thích hợp cho giải nhiệt mùa hè, tuy nhiên hơi ồn khi dùng ban đêm trong phòng ngủ."
192,https://www.dienmayxanh.com/quat-dieu-hoa/ava-rpd-80,Phạm Văn Tú,ĐMX,3,1 tuần,Quạt hoạt động ổn định
193,https://www.dienmayxanh.com/quat-dieu-hoa/ava-rpd-80,Phạm Văn Thơi,ĐMX,4,1 tuần,"Quạt mát, êm. Có đều tiếng nước chảy ồn xíu."
194,https://www.dienmayxanh.com/quat-dieu-hoa/ava-rpd-80,Sơn Huỳnh Như,ĐMX,4,1 tuần,"Quạt mạnh, có hơi ồn"
195,https://www.dienmayxanh.com/quat-dieu-hoa/ava-rpd-80,Ngọc Dung,ĐMX,5,1 tháng,Quạt sử dụng êm
196,https://www.dienmayxanh.com/quat-dieu-hoa/ava-rpd-80,Buoi,ĐMX,4,1 tuần,tốt
197,https://www.dienmayxanh.com/quat-dieu-hoa/ava-rpd-80,Nguyễn Hữu Lộc,ĐMX,4,1 tuần,Quạt tốt tuy nhiên ngăn chứa nước nên có khả năng giữ lạnh sẽ tốt hơn
198,https://www.dienmayxanh.com/quat-dieu-hoa/ava-rpd-80,Nguyễn Minh Thư,ĐMX,4,1 tuần,San pham tot
199,https://www.dienmayxanh.com/quat-dieu-hoa/ava-rpd-80,Quyền Nguyễn,ĐMX,4,1 tuần,Ok. Nên mua.
200,https://www.dienmayxanh.com/quat-dieu-hoa/ava-rpd-80,A Phong,ĐMX,4,1 tuần,Quạt dùng tốt
201,https://www.dienmayxanh.com/quat-dieu-hoa/ava-rpd-80,Hồ Hoàng Vinh,ĐMX,5,1 tuần,tốt
202,https://www.dienmayxanh.com/quat-dieu-hoa/ava-rpd-80,Xuân Thủy,ĐMX,5,1 tuần,Rẻ mà tốt cực kỳ
203,https://www.dienmayxanh.com/quat-dieu-hoa/ava-rpd-80,Võ Thị Ánh Việt,ĐMX,4,1 tuần,Máy chạy êm
204,https://www.dienmayxanh.com/quat-dieu-hoa/ava-rpd-80,Quế,ĐMX,5,1 tuần,"Quạt tốt, đẹp,sài êm, mát"
205,https://www.dienmayxanh.com/quat-dieu-hoa/ava-rpd-80,Phi Nguyen,ĐMX,5,1 tuần,Quạt ok máy chạy êm
206,https://www.dienmayxanh.com/quat-dieu-hoa/ava-rpd-80,Nguyễn Văn Lành,ĐMX,5,2 tuần,"Mua từ 23.04 xài tạm ổn, máy chạy êm, giao hàng cũng khá nhanh."
207,https://www.dienmayxanh.com/quat-dieu-hoa/ava-rpd-80,Khách Lẻ,ĐMX,1,1 tuần,Sản phẩm k mát
208,https://www.dienmayxanh.com/quat-dieu-hoa/ava-rpd-80,Khương,ĐMX,3,1 tuần,"Phát ra tiếng ồn lớn khi vận hành, ngăn chứa đá khô không để lọt 2 hộp đá khô"
209,https://www.dienmayxanh.com/quat-dieu-hoa/ava-rpd-80,Huyền,ĐMX,5,1 tháng,"Quạt dùng tôt,cảm ơn điện máy xanh nhé."
210,https://www.dienmayxanh.com/quat-dieu-hoa/ava-rpd-80,Đat,ĐMX,3,1 tuần,Xài được 7 ngày bị lỗi loạn đèn led sáng hết tất cả các đèn
211,https://www.dienmayxanh.com/quat-dieu-hoa/ava-rpd-80,Diêm Thị Kim Ngân,ĐMX,5,1 tuần,Tốt
212,https://www.dienmayxanh.com/quat-dieu-hoa/ava-rpd-80,Luân,ĐMX,5,1 tuần,"Quạt rất mát, rất tốt cho mùa nóng"
213,https://www.dienmayxanh.com/quat-dieu-hoa/ava-rpd-80,Nguyễn Thị Tú Phương,ĐMX,5,1 tuần,Rất ổn nha
214,https://www.dienmayxanh.com/quat-dieu-hoa/ava-rpd-80,Le Van Duy,ĐMX,4,1 tuần,Ok
215,https://www.dienmayxanh.com/quat-dieu-hoa/ava-rpd-80,Nguyên,ĐMX,5,1 tuần,Tốt. Quạt mát
216,https://www.dienmayxanh.com/quat-dieu-hoa/ava-rpd-80,Chú Hưng,ĐMX,5,1 tuần,Quạt mát ok
217,https://www.dienmayxanh.com/quat-dieu-hoa/ava-rpd-80,Đặng Thanh Vũ,ĐMX,5,1 tuần,Tôi rất hài lòng
218,https://www.dienmayxanh.com/quat-dieu-hoa/ava-rpd-80,Trần Thị Kim Chi,ĐMX,5,1 tuần,Đã mua 3 sp r sẽ mua thêm nữa
219,https://www.dienmayxanh.com/quat-dieu-hoa/ava-rpd-80,Châu Duy Tân,ĐMX,5,1 tuần,Tốt
220,https://www.dienmayxanh.com/quat-dieu-hoa/ava-rpd-80,Trần Thanh Long,ĐMX,4,1 tuần,"Quạt dùng khoảng 1 tuần, máy mát rất tốt tuy nhiên có 1 nhược điểm đó là sau khi thay nước thì cái van bị chảy nước mặc dù mình đã làm đủ mọi cách vẫn ko khắc phục dc. Ưu điểm là lúc đó mua giá khuyến mãi nên hời hơn giá niêm yết hiện tại"
221,https://www.dienmayxanh.com/quat-dieu-hoa/ava-rpd-80,Hồ Hoàng Vinh,ĐMX,5,1 tuần,tốt
222,https://www.dienmayxanh.com/quat-dieu-hoa/ava-rpd-80,Xuân Thủy,ĐMX,5,1 tuần,N/A
223,https://www.dienmayxanh.com/quat-dieu-hoa/ava-rpd-80,N/A,N/A,N/A,N/A,N/A
224,https://www.dienmayxanh.com/quat-dieu-hoa/ava-rpd-80,N/A,N/A,N/A,N/A,N/A
225,https://www.dienmayxanh.com/quat-dieu-hoa/ava-rpd-80,N/A,N/A,N/A,N/A,N/A
226,https://www.dienmayxanh.com/quat-dieu-hoa/ava-rpd-80,N/A,N/A,N/A,N/A,N/A
227,https://www.dienmayxanh.com/quat-dieu-hoa/ava-rpd-80,N/A,N/A,N/A,N/A,N/A
228,https://www.dienmayxanh.com/quat-dieu-hoa/ava-rpd-80,N/A,N/A,N/A,N/A,N/A
229,https://www.dienmayxanh.com/quat-dieu-hoa/ava-rpd-80,N/A,N/A,N/A,N/A,N/A
230,https://www.dienmayxanh.com/quat-dieu-hoa/ava-rpd-80,N/A,N/A,N/A,N/A,N/A
231,https://www.dienmayxanh.com/quat-dieu-hoa/ava-rpd-80,N/A,N/A,N/A,N/A,N/A
232,https://www.dienmayxanh.com/quat-dieu-hoa/ava-rpd-80,N/A,N/A,N/A,N/A,N/A
233,https://www.dienmayxanh.com/quat-dieu-hoa/ava-rpd-80,N/A,N/A,N/A,N/A,N/A
234,https://www.dienmayxanh.com/quat-dieu-hoa/ava-rpd-80,N/A,N/A,N/A,N/A,N/A
235,https://www.dienmayxanh.com/quat-dieu-hoa/ava-rpd-80,N/A,N/A,N/A,N/A,N/A
236,https://www.dienmayxanh.com/quat-dieu-hoa/ava-rpd-80,N/A,N/A,N/A,N/A,N/A
237,https://www.dienmayxanh.com/quat-dieu-hoa/ava-rpd-80,N/A,N/A,N/A,N/A,N/A
238,https://www.dienmayxanh.com/quat-dieu-hoa/ava-rpd-80,N/A,N/A,N/A,N/A,N/A
239,https://www.dienmayxanh.com/quat-dieu-hoa/ava-rpd-80,N/A,N/A,N/A,N/A,N/A
240,https://www.dienmayxanh.com/quat-dieu-hoa/ava-rpd-80,N/A,N/A,N/A,N/A,N/A
241,https://www.dienmayxanh.com/quat-dieu-hoa/ava-rpd-80,Lê Trung Tài,ĐMX,4,1 tuần,Mát phù hợp để trong phòng
242,https://www.dienmayxanh.com/quat-dieu-hoa/ava-rpd-80,Nguyễn Thị Hương,ĐMX,4,1 tuần,Mát và êm
243,https://www.dienmayxanh.com/quat-dieu-hoa/ava-rpd-80,Nguyễn Thành Vinh,ĐMX,4,1 tuần,hoạt động 24/7 vẫn tốt
244,https://www.dienmayxanh.com/quat-dieu-hoa/ava-rpd-80,Hoàng Văn Thái,ĐMX,5,1 tuần,Giải nhiệt mùa nóng
245,https://www.dienmayxanh.com/quat-dieu-hoa/ava-rpd-80,Hậu,ĐMX,4,4 tuần,tốt
246,https://www.dienmayxanh.com/quat-dieu-hoa/ava-rpd-80,Bạch Thị Như Ý,ĐMX,2,5 ngày,Quạt cắm nguồn không lên
247,https://www.dienmayxanh.com/quat-dieu-hoa/ava-rpd-80,Nguyễn Thị Mỹ Linh,ĐMX,5,1 tuần,Mát
248,https://www.dienmayxanh.com/quat-dieu-hoa/ava-rpd-80,Nguyễn Minh Toàn,ĐMX,4,1 tuần,Quạt sử dụng tốt
249,https://www.dienmayxanh.com/quat-dieu-hoa/ava-rpd-80,Lê Tường Vi,ĐMX,4,1 tuần,Mới Sài dc 1 tuần nên k biết sau nay ntn . Hiện tại thì ổn
250,https://www.dienmayxanh.com/quat-dieu-hoa/ava-rpd-80,Tran Van Ngoc,ĐMX,4,1 tuần,Ok
251,https://www.dienmayxanh.com/quat-dieu-hoa/ava-rpd-80,Hồ Văn Hùng,ĐMX,5,1 tuần,"Quạt rất mát,nên mua"
252,https://www.dienmayxanh.com/quat-dieu-hoa/ava-rpd-80,Phan Thị Thu Trang,ĐMX,4,1 tuần,"Chạy êm, mát, đáng mua"
253,https://www.dienmayxanh.com/quat-dieu-hoa/ava-rpd-80,Lâm Hoài Tân,ĐMX,1,N/A,quạt hay hư bơm nước lên cân nhắc khi mua
254,https://www.dienmayxanh.com/quat-dieu-hoa/ava-rpd-80,Hùng,ĐMX,5,2 tuần,Tốt
255,https://www.dienmayxanh.com/quat-dieu-hoa/ava-rpd-80,Lê Thị Lan,ĐMX,4,1 tuần,Ok
256,https://www.dienmayxanh.com/quat-dieu-hoa/ava-rpd-80,Nguyễn Thị Bích Trâm,ĐMX,5,2 tuần,Cũng tạm đc nhưng k biết có bền và tiết kiệm điện k
257,https://www.dienmayxanh.com/quat-dieu-hoa/ava-rpd-80,NGUYỄN THỊ THANH THỦY,ĐMX,3,2 tuần,Máy ok. Nhưng chỗ xả nước hơi bị rỉ .
258,https://www.dienmayxanh.com/quat-dieu-hoa/ava-rpd-80,Công Ty TNHH Thương Mại ACS Việt Nam,ĐMX,4,1 tuần,Tốt
259,https://www.dienmayxanh.com/quat-dieu-hoa/ava-rpd-80,Nguyễn Hoàng Minh Vượng,ĐMX,3,2 tuần,Ổn trong tầm giá
260,https://www.dienmayxanh.com/quat-dieu-hoa/ava-rpd-80,Lê Thị Hồng Tâm,ĐMX,3,1 ngày,"Vừa nhận xong hàng. Nhân viên giao hàng k hài lòng. Vào để quạt bật lên xong đưa giấy ký tên rồi bảo coa gì liên hệ tổng đài hỏi. Chưa kịp test máy hay nc . Còn về máy,Máy chạy khá mát. Riêng mần nc chảy to ồn. K biết nó vậy hay có lổi gì k.vì nhân viên về nên k biết hỏi ai luôn ạ"
261,https://www.dienmayxanh.com/quat-dieu-hoa/ava-rpd-80,Chị Lệ,ĐMX,5,1 tuần,Rất Ok
262,https://www.dienmayxanh.com/quat-dieu-hoa/ava-rpd-80,Chị Kim,ĐMX,3,2 tuần,"Quạt có độ ồn lớn, không phù hợp cho phòng ngủ kín, những ai nhạy cảm với độ ồn và ánh sáng của đèn led thì không nên dùng"
263,https://www.dienmayxanh.com/quat-dieu-hoa/ava-rpd-80,Anh Sang,ĐMX,4,1 tuần,Hình dáng mẫu mã đẹp bắt mắt và sang trọng nhưng thùng nước to nên khá nặng nề và khi cho đủ nước đến mức cho phép thì bị tràng ra ngoài lúc di chuyển quạt mạnh nhưng thổi không xa
264,https://www.dienmayxanh.com/quat-dieu-hoa/ava-rpd-80,Chú Kiệt,ĐMX,4,1 tuần,ok
265,https://www.dienmayxanh.com/quat-dieu-hoa/ava-rpd-80,Đức,ĐMX,1,1 tuần,Rất tệ
266,https://www.dienmayxanh.com/quat-dieu-hoa/ava-rpd-80,Nguyễn Thị Thúy,ĐMX,5,1 tuần,Quạt êm mát nhìn sang..
267,https://www.dienmayxanh.com/quat-dieu-hoa/ava-rpd-80,Kha,ĐMX,5,1 tuần,Rất tốt
268,https://www.dienmayxanh.com/quat-dieu-hoa/ava-rpd-80,Quyền Trang,ĐMX,4,1 tuần,Sản phẩm xài ok. Với mức giá vừa túi tiền chất lượng hơn mong đợi
269,https://www.dienmayxanh.com/quat-dieu-hoa/ava-rpd-80,Trần Thị Ngời,ĐMX,5,2 tuần,"Tuyệt vời, máy êm, mát, dễ dàng di chuyển"
270,https://www.dienmayxanh.com/quat-dieu-hoa/ava-rpd-80,Võ Hữu Nhơn,ĐMX,4,1 tuần,Xài được có cái mau hết nước
271,https://www.dienmayxanh.com/quat-dieu-hoa/ava-rpd-80,Liêu Kim Chi,ĐMX,4,1 tuần,"máy xài tốt, không gây tiếng ồn , dung tích nước lớn nên không cần châm nước thường xuyên . rất ok"
272,https://www.dienmayxanh.com/quat-dieu-hoa/ava-rpd-80,Chị Liễu,ĐMX,5,1 tuần,máy chạy im k kêu
273,https://www.dienmayxanh.com/quat-dieu-hoa/ava-rpd-80,Tuyền,ĐMX,5,1 tuần,"Điện máy xanh ho trợ doi trả rất tận tình, mình cảm thấy rất rất hài lòng"
274,https://www.dienmayxanh.com/quat-dieu-hoa/ava-rpd-80,Thạch Sây Ha,ĐMX,4,1 tuần,Tốt
275,https://www.dienmayxanh.com/quat-dieu-hoa/ava-rpd-80,A An,ĐMX,4,1 tuần,Ok
276,https://www.dienmayxanh.com/quat-dieu-hoa/ava-rpd-80,Chị Chi,ĐMX,4,1 tuần,ok
277,https://www.dienmayxanh.com/quat-dieu-hoa/ava-rpd-80,Thùy Dương,ĐMX,4,1 tuần,☺️☺️
278,https://www.dienmayxanh.com/quat-dieu-hoa/ava-rpd-80,23288 - Hồ Thái Hiền,ĐMX,5,1 tuần,"quạt hok ồn, măt và nhẹ dễ di chuyển. mua ngay KM nên giá qua tốt"
279,https://www.dienmayxanh.com/quat-dieu-hoa/ava-rpd-80,Đỗ Trọng Nhân,ĐMX,1,1 tuần,máy nóng
280,https://www.dienmayxanh.com/quat-dieu-hoa/ava-rpd-80,NGUYỄN ĐỨC MẠNH,ĐMX,5,1 tuần,"Máy chạy êm , sẽ ủng hộ AVA"
281,https://www.dienmayxanh.com/quat-dieu-hoa/ava-rpd-80,Hương,ĐMX,5,1 tuần,"Quạt mạnh, chạy êm lắm. Mọi người nên trải nghiệm . Cửa hàng có có đợt khuyến mãi giá mềm lắm hihi"
282,https://www.dienmayxanh.com/quat-dieu-hoa/ava-rpd-80,Nguyễn Hữu Son,ĐMX,4,1 tuần,"Dùng khá ok,phù hợp cho không gian 10_12m2"
283,https://www.dienmayxanh.com/quat-dieu-hoa/ava-rpd-80,Ngọc Bích,ĐMX,5,1 tuần,"Máy đẹp, chạy ok. Giao hàng nhanh"
284,https://www.dienmayxanh.com/quat-dieu-hoa/ava-rpd-80,Nguyễn Văn Nếu,ĐMX,5,1 tuần,Chạy êm khá OK nha mn
285,https://www.dienmayxanh.com/quat-dieu-hoa/ava-rpd-80,Vượng,ĐMX,5,1 tuần,Máy chạy êm.
286,https://www.dienmayxanh.com/quat-dieu-hoa/ava-rpd-80,Nguyễn Thanh Thiện,ĐMX,5,1 tuần,Rất tôt nhưng đá tan nhanh
287,https://www.dienmayxanh.com/quat-dieu-hoa/ava-rpd-80,Nguyễn Thị Bích Ngọc,ĐMX,5,1 tuần,Sự dụng tốt
288,https://www.dienmayxanh.com/quat-dieu-hoa/ava-rpd-80,Linh,ĐMX,3,1 tuần,Chỗ thoát nước hơi bị rò rỉ nước.nhưng mình tự khắc phục quạt tg lưới lọc khô khó vệ sinh
289,https://www.dienmayxanh.com/quat-dieu-hoa/ava-rpd-80,Anh Tiến,ĐMX,4,1 tuần,Em ái nhẹ nhàng. Phù hợp cho trẻ con
290,https://www.dienmayxanh.com/quat-dieu-hoa/ava-rpd-80,Lê Hoàng Cơ,ĐMX,2,1 tuần,Nút cao su bị rỉ nước!!!
291,https://www.dienmayxanh.com/quat-dieu-hoa/ava-rpd-80,Nguyễn Thị Kim Ngân,ĐMX,5,1 tuần,May sai rất ok
292,https://www.dienmayxanh.com/quat-dieu-hoa/ava-rpd-80,Huynh,ĐMX,5,1 tuần,Tốt
293,https://www.dienmayxanh.com/quat-dieu-hoa/ava-rpd-80,C Hoà,ĐMX,4,1 tuần,Ok
294,https://www.dienmayxanh.com/quat-dieu-hoa/ava-rpd-80,Phạm Hoàng Sang,ĐMX,5,1 tuần,Quạt rất tốt nhân viên rất nhiệt tình
295,https://www.dienmayxanh.com/quat-dieu-hoa/ava-rpd-80,Diệp Tử Đại,ĐMX,3,1 tuần,"Tiếng nước chảy rất lớn, nhà mình có mua 1 cái quạt nữa to hơn nhiều mà tiếng nc chảy nhỏ ko ồn như quạt này"
296,https://www.dienmayxanh.com/quat-dieu-hoa/ava-rpd-80,Phan Chi Thanh,ĐMX,5,1 tuần,Tốt
297,https://www.dienmayxanh.com/quat-dieu-hoa/ava-rpd-80,Chú THẢO,ĐMX,4,1 tuần,ok
298,https://www.dienmayxanh.com/quat-dieu-hoa/ava-rpd-80,Đồng Thị Thu Hiền,ĐMX,5,1 tuần,quạt ổn ko ồn
299,https://www.dienmayxanh.com/quat-dieu-hoa/ava-rpd-80,Quang Nguyen,ĐMX,1,1 tháng,"Dùng được 40 ngày thì hỏng, gọi bảo hành thì đến mang đi tớ tận bây giờ vẫn còn đang cầm tờ giấy trên tay, hàng thì không thấy đâu. Thực sự bỏ tiền ra mua bực vào người Tôi sẽ giới thiệu sản phẩm này cho bạn bè người thân để họ biết mà né ra"
300,https://www.dienmayxanh.com/quat-dieu-hoa/ava-rpd-80,Thảo Ngân,ĐMX,4,1 tuần,.
301,https://www.dienmayxanh.com/quat-dieu-hoa/ava-rpd-80,Nguyễn Duy Linh,ĐMX,5,1 tuần,Máy dùng tốt nên mua.
302,https://www.dienmayxanh.com/quat-dieu-hoa/ava-rpd-80,Vũ Huy Hoàng,ĐMX,3,1 tuần,"Nhỏ gọn, khá hiệu quả. Nhưng 1 điểm bất tiện, thùng đựng nước phía sau khg tách rời để ra được, nắp mở khg thuận tiện, đổ nước phải dùng vòi, rất khó vệ sinh thùng nước khi cần"
303,https://www.dienmayxanh.com/quat-dieu-hoa/ava-rpd-80,Anh Đức,ĐMX,4,1 tuần,Ok
304,https://www.dienmayxanh.com/quat-dieu-hoa/ava-rpd-80,A Sang,ĐMX,4,1 tuần,Tot
305,https://www.dienmayxanh.com/quat-dieu-hoa/ava-rpd-80,Trí,ĐMX,5,7 ngày,tốt
306,https://www.dienmayxanh.com/quat-dieu-hoa/ava-rpd-80,Đặng Quốc Thái,ĐMX,5,4 ngày,Sản phẩm xài ok. Phù hợp túi tiền và tiện lợi. Dung tích bình chứa lớn nên không phải canh thay nước thường xuyên rất tiện lợi. Sản phẩm chất lượng đáng mua
307,https://www.dienmayxanh.com/quat-dieu-hoa/ava-rpd-80,Trần Thanh Ngân,ĐMX,3,4 tháng,Mới sd 3 tháng bị lỗi bơm nước roi
308,https://www.dienmayxanh.com/quat-dieu-hoa/ava-rpd-80,Nguyễn Thanh Duy,ĐMX,1,1 tuần,Quạt bị lỗi đổi đến cây thứ 4 vẫn bị lỗi rò rĩ nước . Chạy vài ngày kêu như bò rống khuyên thật là mọi người nên say bye vì rất nhiều lỗi . Bên điện máy xanh nhân viên họ làm việc cũng tốt cũng chịu đổi cho mình mà quạt dõm vãi đổi đến mấy cây vẫn lỗi
309,https://www.dienmayxanh.com/quat-dieu-hoa/ava-rpd-80,Nguyễn Thành Trung,ĐMX,2,3 ngày,Quạt bị lỗi liên tục nguồn tắt k đc thêm bơm nước tự ngắt rồi tự chạy
310,https://www.dienmayxanh.com/quat-dieu-hoa/ava-rpd-80,Nguyễn Nhật Trường,ĐMX,5,1 tuần,Sản phẩm rất tốt
311,https://www.dienmayxanh.com/quat-dieu-hoa/ava-rpd-80,Nguyễn Xuân Hữu,ĐMX,5,1 tuần,Rất ok phù hợp cho ở trọ hoặc phòng ngủ
312,https://www.dienmayxanh.com/quat-dieu-hoa/ava-rpd-80,Thạch Đức Trọng,ĐMX,3,1 tuần,Được
313,https://www.dienmayxanh.com/quat-dieu-hoa/ava-rpd-80,Htx Xây Dựng Hưng Thịnh,ĐMX,2,1 tuần,Nút xả nước chảy nước ra ngoài
314,https://www.dienmayxanh.com/quat-dieu-hoa/ava-rpd-80,Cô Liên,ĐMX,5,1 tuần,Quạt rất tốt lam lạnh rất nhanh và chạy rất êm không gây tiếng ồn
315,https://www.dienmayxanh.com/quat-dieu-hoa/ava-rpd-80,Huy,ĐMX,5,1 tuần,"Quạt rất êm, ko gây tiếng động, ko ồn ào như các sp quạt ĐH trước đây Quath công suất lớn nên rất mát"
316,https://www.dienmayxanh.com/quat-dieu-hoa/ava-rpd-80,Anh Bằng,ĐMX,5,1 tuần,giá cả hợp lý máy chạy êm ko ồn ào
317,https://www.dienmayxanh.com/quat-dieu-hoa/ava-rpd-80,Nguyễn Phương Thảo,ĐMX,5,1 tuần,Sản phẩm tốt.
318,https://www.dienmayxanh.com/quat-dieu-hoa/ava-rpd-80,Nguyễn Thanh Giang,ĐMX,5,2 tháng,Ok
319,https://www.dienmayxanh.com/quat-dieu-hoa/ava-rpd-80,Nguyen Quoc Dat,ĐMX,4,1 tuần,Tott
320,https://www.dienmayxanh.com/quat-dieu-hoa/ava-rpd-80,THÁI THỊ HOÀNG DUYÊN,ĐMX,5,1 tuần,"Quạt OK, nhân viên phục vụ tốt"
321,https://www.dienmayxanh.com/quat-dieu-hoa/ava-rpd-80,Cương,ĐMX,3,8 tháng,"Mua được 5 tháng chạy êm, tự nhiên bị lỗi các nút tự tắt tự chuyển tùm lum, tự tắt, ngày 5/1 /2022 nv đến đem máy đi bảo hành hẹn 14 ngày trả lời, nay được 1 tuần chưa thấy hồi âm, hy vọng chế độ bảo hành không làm khách hàng thất vọng, chứ nghe nhiều người nói mang đi là coi như bỏ luôn, 14 ngày đem lại trã là nói k sữa đc bỏ luôn... hoang mang quá"
322,https://www.dienmayxanh.com/quat-dieu-hoa/ava-rpd-80,Nguyệt Thiền,ĐMX,5,1 tuần,Quá đã
323,https://www.dienmayxanh.com/quat-dieu-hoa/ava-rpd-80,Lê Văn Cường,ĐMX,5,1 tuần,Ok
324,https://www.dienmayxanh.com/quat-dieu-hoa/ava-rpd-80,Ngọc Trâm,ĐMX,4,1 tuần,Máy xài tốt nha mn
325,https://www.dienmayxanh.com/quat-dieu-hoa/ava-rpd-80,Huyền Châu,ĐMX,5,1 tuần,"Máy đẹp êm, mới sử dụng nên đánh giá vậy ạ"
326,https://www.dienmayxanh.com/quat-dieu-hoa/ava-rpd-80,Trinh,ĐMX,3,1 ngày,Quạt thì mới mà sao để trong cái thùng cũ rách cũng không biết nữa. Có khi nào mình mua phải quạt cũ hay là hàng trưng bày không vậy
327,https://www.dienmayxanh.com/quat-dieu-hoa/ava-rpd-80,Nguyễn Đức Hiền,ĐMX,5,3 tuần,"Máy rất ok, nên mua và sử dụng"
328,https://www.dienmayxanh.com/quat-dieu-hoa/ava-rpd-80,Giàu,ĐMX,5,1 tuần,Ngon
329,https://www.dienmayxanh.com/quat-dieu-hoa/ava-rpd-80,Anh Cường,ĐMX,5,1 tuần,7
330,https://www.dienmayxanh.com/quat-dieu-hoa/ava-rpd-80,TẠ QUÝ TÙNG,ĐMX,4,1 tuần,Sản phẩm tốt
331,https://www.dienmayxanh.com/quat-dieu-hoa/ava-rpd-80,Lê Thị Khánh Uyên,ĐMX,4,1 tuần,Máy dùng trong không gian phòng ngủ thì ok
332,https://www.dienmayxanh.com/quat-dieu-hoa/ava-rpd-80,Phước Nguyễn,ĐMX,4,1 tuần,Sp ok
333,https://www.dienmayxanh.com/quat-dieu-hoa/ava-rpd-80,Trịnh Duy Trung,ĐMX,5,1 tuần,"Sản phẩm tốt. Máy chạy êm. Giao hàng nhanh chóng, chuyên nghiệp, thân thiện."
334,https://www.dienmayxanh.com/quat-dieu-hoa/ava-rpd-80,Châu,ĐMX,5,1 tuần,Sản phẩm tốt trong tầm giá
335,https://www.dienmayxanh.com/quat-dieu-hoa/ava-rpd-80,Cô Lương,ĐMX,4,1 tuần,Sản phẩm tốt
336,https://www.dienmayxanh.com/quat-dieu-hoa/ava-rpd-80,Nguyễn Văn Toàn,ĐMX,1,1 tuần,Móp méo
337,https://www.dienmayxanh.com/quat-dieu-hoa/ava-rpd-80,Mai Huynh Anh Tu,ĐMX,5,1 tuần,Rất tốt
338,https://www.dienmayxanh.com/quat-dieu-hoa/ava-rpd-80,Vinh,ĐMX,5,3 tuần,Tốt
339,https://www.dienmayxanh.com/quat-dieu-hoa/ava-rpd-80,106127 - Lâm Hồng Khang,ĐMX,5,1 tuần,"Đến thời điểm hiện tại mình mua máy được gần 10 ngày. Máy đang chạy rất tốt,...OK!"
340,https://www.dienmayxanh.com/quat-dieu-hoa/ava-rpd-80,Phạm Minh Nhựt,ĐMX,4,1 tuần,Quạt rất êm 10 điểm cho quạt nhé
341,https://www.dienmayxanh.com/quat-dieu-hoa/ava-rpd-80,Chi Mười,ĐMX,4,1 tuần,"Quạt đúng mô tả, máy chạy êm"
342,https://www.dienmayxanh.com/quat-dieu-hoa/ava-rpd-80,Kim Vủ,ĐMX,4,1 tuần,Tốt
343,https://www.dienmayxanh.com/quat-dieu-hoa/ava-rpd-80,Chị Hạnh,ĐMX,4,1 tuần,Quạt xài ok
344,https://www.dienmayxanh.com/quat-dieu-hoa/ava-rpd-80,Nguyễn Phạm Thảo Nguyên,ĐMX,3,1 tuần,"Mới giao tới có làm rớt móp phần đầu, vì sản phẩm mới mua nên hơi thất vọng tý xíu, nhưng tạm chấp nhận"
345,https://www.dienmayxanh.com/quat-dieu-hoa/ava-rpd-80,Nguyễn Minh Nhường,ĐMX,3,1 tuần,đẹp và ổn
346,https://www.dienmayxanh.com/quat-dieu-hoa/ava-rpd-80,NGUYỄN HOÀNG THẮNG,ĐMX,5,1 tuần,Gia ca hop le
347,https://www.dienmayxanh.com/quat-dieu-hoa/ava-rpd-80,Lại Minh Trung,ĐMX,4,1 tuần,Quạt rất dễ sử dụng và thật sự mát. Quạt lâu không bị nóng như quạt thông thường. Có nước lạnh mà chế dô chắc như máy lạnh luôn quá
348,https://www.dienmayxanh.com/quat-dieu-hoa/ava-rpd-80,VÕ MINH THIỆN,ĐMX,5,1 tuần,Tốt quạt mát ok
349,https://www.dienmayxanh.com/quat-dieu-hoa/ava-rpd-80,Hồ Ngọc Hoàng,ĐMX,3,3 tuần,Quạt mới mua được 2 tuần là chập điện. Ko chạy được nữa. Nhờ bảo hành
350,https://www.dienmayxanh.com/quat-dieu-hoa/ava-rpd-80,Vũ Trọng Toàn,ĐMX,3,1 tuần,Đóng kín phòng rất nóng có quạt mà vẫn như cái lò
351,https://www.dienmayxanh.com/quat-dieu-hoa/ava-rpd-80,Anh Khang,ĐMX,4,1 tuần,Góp ý là khi mua về m.n nên lấy băng keo lụa (3k/1cuộn) để quấn phần đầu bịt thoát nước phía sau máy. Để tránh rỉ nước. Máy dùng khá ổn.
352,https://www.dienmayxanh.com/quat-dieu-hoa/ava-rpd-80,Anh Thắng,ĐMX,4,1 tuần,"Đã mua và sử dụng đc khoảng nửa tháng, có nhận xét như sau: Quạt tốt, dùng êm, mát Tuy nhiên chất liệu nhựa hơi mỏng nên hơi ọp ẹp. Chô van xả nữa dùng núm cao su mềm nên khi đổ nước vào bình bị rò tại vị trí van xả, mình phải cuốn băng tan mới k bị rò."
353,https://www.dienmayxanh.com/quat-dieu-hoa/ava-rpd-80,Lâm Trường An,ĐMX,3,1 tháng,Remote của quạt đang làm nhiễu các thiết bị remote khác. Khi mình bấm remote của quạt thì cái remote tv samsung của mình không điều khiển được. Cần tắt đi mở lại. Đề nghị hỗ trợ xử lý tình huống này.
354,https://www.dienmayxanh.com/quat-dieu-hoa/ava-rpd-80,Võ Trọng Phước,ĐMX,3,3 ngày,"Máy này mua về xài được mấy ngày,2 viên đá khô dỏm,làm lạnh thì lâu mà dùng có tí xíu là hết,quạt thiết kế đẹp Máy chạy max công suất ồn hơn cái chợ gây khó ngủ,chạy số 1-2 thì ổn,thích hợp cho phòng ngủ"
355,https://www.dienmayxanh.com/quat-dieu-hoa/ava-rpd-80,NGUYỄN VĂN TIẾN,ĐMX,2,4 ngày,Máy mới mua được 2 tuần lúc đầu chạy không nghe tiếng nước giờ kêu khó chịu thiệt máy ồn nữa quạt của người ta to hơn công suất lớn hơn ma không ồn còn quạt này ồn thật thất vọng 🙄
356,https://www.dienmayxanh.com/quat-dieu-hoa/ava-rpd-80,Anh Phong,ĐMX,5,2 tuần,"Mình đan xài rất OK . máy chạy rất êm, rất mát . Máy rất mạnh , hàng nên mua..."
357,https://www.dienmayxanh.com/quat-dieu-hoa/ava-rpd-80,Vương Thị Yếm,ĐMX,5,1 tuần,
358,https://www.dienmayxanh.com/quat-dieu-hoa/ava-rpd-80,Co Huong,ĐMX,5,1 tuần,
359,https://www.dienmayxanh.com/quat-dieu-hoa/ava-rpd-80,Trần Trọng Hữu,ĐMX,4,2 tháng,
360,https://www.dienmayxanh.com/quat-dieu-hoa/ava-rpd-80,Ngô Thị Kim Ngọc,ĐMX,5,3 tuần,
361,https://www.dienmayxanh.com/quat-dieu-hoa/ava-rpd-80,TRƯƠNG TẤN VIỄN,ĐMX,4,3 tháng,
362,https://www.dienmayxanh.com/quat-dieu-hoa/ava-rpd-80,Đậu Xuân Nguyen,ĐMX,4,2 tháng,
363,https://www.dienmayxanh.com/quat-dieu-hoa/ava-rpd-80,Hiền,ĐMX,5,2 tháng,
364,https://www.dienmayxanh.com/quat-dieu-hoa/ava-rpd-80,Trần Thị Ngọc,ĐMX,4,1 tuần,
365,https://www.dienmayxanh.com/quat-dieu-hoa/ava-rpd-80,Nguyễn Văn Xuân,ĐMX,5,1 tuần,
366,https://www.dienmayxanh.com/quat-dieu-hoa/ava-rpd-80,Chị Trinh,ĐMX,5,1 tuần,
367,https://www.dienmayxanh.com/quat-dieu-hoa/ava-rpd-80,Chị Trinh,ĐMX,5,1 tuần,
368,https://www.dienmayxanh.com/quat-dieu-hoa/ava-rpd-80,Phạm Hồng Thịnh,ĐMX,4,2 tuần,
369,https://www.dienmayxanh.com/quat-dieu-hoa/ava-rpd-80,Thư,ĐMX,5,3 tuần,
370,https://www.dienmayxanh.com/quat-dieu-hoa/ava-rpd-80,Trúc,ĐMX,4,3 tuần,
371,https://www.dienmayxanh.com/quat-dieu-hoa/ava-rpd-80,Khánh,ĐMX,1,1 tuần,
372,https://www.dienmayxanh.com/quat-dieu-hoa/ava-rpd-80,Phạm Hoàng Lộc,ĐMX,5,1 tuần,
373,https://www.dienmayxanh.com/quat-dieu-hoa/ava-rpd-80,Huy,ĐMX,5,1 tuần,
374,https://www.dienmayxanh.com/quat-dieu-hoa/ava-rpd-80,Binh,ĐMX,5,1 tuần,
375,https://www.dienmayxanh.com/quat-dieu-hoa/ava-rpd-80,Dung,ĐMX,5,1 tuần,
376,https://www.dienmayxanh.com/quat-dieu-hoa/ava-rpd-80,Lách,ĐMX,5,1 tuần,
377,https://www.dienmayxanh.com/quat-dieu-hoa/ava-rpd-80,Triệu Thị Mỹ Như,ĐMX,5,3 tuần,
378,https://www.dienmayxanh.com/quat-dieu-hoa/ava-rpd-80,Mỹ,ĐMX,4,1 tuần,
379,https://www.dienmayxanh.com/quat-dieu-hoa/ava-rpd-80,Lê Hoàng Khánh,ĐMX,4,1 tuần,
380,https://www.dienmayxanh.com/quat-dieu-hoa/ava-rpd-80,Dao Huy Cuong,ĐMX,3,1 tuần,
381,https://www.dienmayxanh.com/quat-dieu-hoa/ava-rpd-80,Tuấn,ĐMX,5,2 tuần,
382,https://www.dienmayxanh.com/quat-dieu-hoa/ava-rpd-80,Chị Hằng,ĐMX,2,1 tháng,
383,https://www.dienmayxanh.com/quat-dieu-hoa/ava-rpd-80,Ngô Văn Hiếu,ĐMX,5,2 tuần,
384,https://www.dienmayxanh.com/quat-dieu-hoa/ava-rpd-80,Hải Yến,ĐMX,4,1 tuần,
385,https://www.dienmayxanh.com/quat-dieu-hoa/ava-rpd-80,Chúc Mai,ĐMX,4,1 tuần,
386,https://www.dienmayxanh.com/quat-dieu-hoa/ava-rpd-80,Kiên,ĐMX,4,1 tuần,
387,https://www.dienmayxanh.com/quat-dieu-hoa/ava-rpd-80,Chị Chi,ĐMX,5,1 tuần,
388,https://www.dienmayxanh.com/quat-dieu-hoa/ava-rpd-80,Phan Thái Như,ĐMX,5,1 tuần,
389,https://www.dienmayxanh.com/quat-dieu-hoa/ava-rpd-80,Nguyễn Trong The,ĐMX,4,1 tuần,
390,https://www.dienmayxanh.com/quat-dieu-hoa/ava-rpd-80,Chị Trang,ĐMX,4,1 tháng,
391,https://www.dienmayxanh.com/quat-dieu-hoa/ava-rpd-80,Phụng,ĐMX,5,1 tuần,
392,https://www.dienmayxanh.com/quat-dieu-hoa/ava-rpd-80,Nguyễn Phúc,ĐMX,3,1 tuần,
393,https://www.dienmayxanh.com/quat-dieu-hoa/ava-rpd-80,Phan Thi Phu Khanh,ĐMX,4,1 tuần,
394,https://www.dienmayxanh.com/quat-dieu-hoa/ava-rpd-80,Nhi,ĐMX,4,1 tháng,
395,https://www.dienmayxanh.com/quat-dieu-hoa/ava-rpd-80,NGUYỄN VIỆT CƯỜNG,ĐMX,5,1 tuần,
396,https://www.dienmayxanh.com/quat-dieu-hoa/ava-rpd-80,C Nhung,ĐMX,5,1 tháng,
397,https://www.dienmayxanh.com/quat-dieu-hoa/ava-rpd-80,Chị Lệ,ĐMX,5,1 tuần,
398,https://www.dienmayxanh.com/quat-dieu-hoa/ava-rpd-80,Hồng,ĐMX,4,1 tuần,
399,https://www.dienmayxanh.com/quat-dieu-hoa/ava-rpd-80,Sang,ĐMX,5,1 tuần,
400,https://www.dienmayxanh.com/quat-dieu-hoa/ava-rpd-80,Trọng,ĐMX,2,1 tuần,
401,https://www.dienmayxanh.com/quat-dieu-hoa/ava-rpd-80,Nguyen Quoc Linh,ĐMX,4,7 ngày,
402,https://www.dienmayxanh.com/quat-dieu-hoa/ava-rpd-80,Nguyễn Thị Mỹ Phương,ĐMX,5,1 tuần,
403,https://www.dienmayxanh.com/quat-dieu-hoa/ava-rpd-80,Thư,ĐMX,5,1 tuần,
404,https://www.dienmayxanh.com/quat-dieu-hoa/ava-rpd-80,Huỳnh Văn Khoẻ,ĐMX,5,1 tuần,
405,https://www.dienmayxanh.com/quat-dieu-hoa/ava-rpd-80,Anh Tài,ĐMX,3,1 tuần,
406,https://www.dienmayxanh.com/quat-dieu-hoa/ava-rpd-80,Uyên,ĐMX,5,11 tháng,
407,https://www.dienmayxanh.com/quat-dieu-hoa/ava-rpd-80,Nguyễn Trần Ngọc Ý,ĐMX,5,11 tháng,
408,https://www.dienmayxanh.com/quat-dieu-hoa/ava-rpd-80,Lê Quang Định,ĐMX,4,1 tuần,
409,https://www.dienmayxanh.com/quat-dieu-hoa/ava-rpd-80,Út,ĐMX,5,1 tuần,
410,https://www.dienmayxanh.com/quat-dieu-hoa/ava-rpd-80,Anh Hùng,ĐMX,3,1 tháng,
411,https://www.dienmayxanh.com/quat-dieu-hoa/ava-rpd-80,Nguyen Van Nam,ĐMX,3,6 tháng,
412,https://www.dienmayxanh.com/quat-dieu-hoa/ava-rpd-80,Phan Vũ Nhật Trường,ĐMX,5,1 tuần,
413,https://www.dienmayxanh.com/quat-dieu-hoa/ava-rpd-80,Quyên,ĐMX,5,1 tháng,
414,https://www.dienmayxanh.com/quat-dieu-hoa/ava-rpd-80,Trân,ĐMX,5,1 tuần,
415,https://www.dienmayxanh.com/quat-dieu-hoa/ava-rpd-80,Dương Thị Thảo Trang,ĐMX,4,1 tuần,
416,https://www.dienmayxanh.com/quat-dieu-hoa/ava-rpd-80,TRỊNH THỊ CẨM LINH,ĐMX,5,1 tuần,
417,https://www.dienmayxanh.com/quat-dieu-hoa/ava-rpd-80,Nguyễn Văn Khang,ĐMX,2,1 tuần,
418,https://www.dienmayxanh.com/quat-dieu-hoa/ava-rpd-80,Đặng Thị Mỹ,ĐMX,5,1 tuần,
419,https://www.dienmayxanh.com/quat-dieu-hoa/ava-rpd-80,Lê Văn Tuất,ĐMX,4,1 tuần,
420,https://www.dienmayxanh.com/quat-dieu-hoa/ava-rpd-80,Dung,ĐMX,4,1 tuần,
421,https://www.dienmayxanh.com/quat-dieu-hoa/ava-rpd-80,Tâm,ĐMX,4,1 tuần,
422,https://www.dienmayxanh.com/quat-dieu-hoa/ava-rpd-80,Nguyễn Thị Thu Thảo,ĐMX,5,1 tuần,
423,https://www.dienmayxanh.com/quat-dieu-hoa/ava-rpd-80,Chú Hùng,ĐMX,3,1 tuần,
424,https://www.dienmayxanh.com/quat-dieu-hoa/ava-rpd-80,Nguyễn Ngọc Tiền,ĐMX,4,1 tuần,
425,https://www.dienmayxanh.com/quat-dieu-hoa/ava-rpd-80,Đỗ Như Ý,ĐMX,4,1 tuần,
426,https://www.dienmayxanh.com/quat-dieu-hoa/ava-rpd-80,Minh Châu,ĐMX,5,1 tuần,
427,https://www.dienmayxanh.com/quat-dieu-hoa/ava-rpd-80,Nhật Ngọc Phạm,ĐMX,4,1 tuần,
428,https://www.dienmayxanh.com/quat-dieu-hoa/ava-rpd-80,Nguyễn Phú Trọng,ĐMX,4,1 tuần,
429,https://www.dienmayxanh.com/quat-dieu-hoa/ava-rpd-80,Cô Hương,ĐMX,4,1 tuần,
430,https://www.dienmayxanh.com/quat-dieu-hoa/ava-rpd-80,Thầy Chiến,ĐMX,4,1 tuần,
431,https://www.dienmayxanh.com/quat-dieu-hoa/ava-rpd-80,Tuyết,ĐMX,5,1 tuần,
432,https://www.dienmayxanh.com/quat-dieu-hoa/ava-rpd-80,Toàn,ĐMX,5,1 tuần,
433,https://www.dienmayxanh.com/quat-dieu-hoa/ava-rpd-80,Trần Thị Thanh Thùy,ĐMX,5,1 tuần,
434,https://www.dienmayxanh.com/quat-dieu-hoa/ava-rpd-80,Nguyễn Trọng Phú,ĐMX,4,1 tuần,
435,https://www.dienmayxanh.com/quat-dieu-hoa/ava-rpd-80,Nguyễn Thị Thu Thảo,ĐMX,4,1 tuần,
436,https://www.dienmayxanh.com/quat-dieu-hoa/ava-rpd-80,Đỗ Thị Hồng Thu,ĐMX,4,1 tuần,
437,https://www.dienmayxanh.com/quat-dieu-hoa/ava-rpd-80,Lâm Hồng Chúc,ĐMX,4,1 tuần,
438,https://www.dienmayxanh.com/quat-dieu-hoa/ava-rpd-80,Nguyễn Thị Bé Chi,ĐMX,4,1 tuần,
439,https://www.dienmayxanh.com/quat-dieu-hoa/ava-rpd-80,Trúc,ĐMX,3,1 tuần,
440,https://www.dienmayxanh.com/quat-dieu-hoa/ava-rpd-80,Hoang Thái Mỹ,ĐMX,4,1 tuần,
441,https://www.dienmayxanh.com/quat-dieu-hoa/ava-rpd-80,Phượng,ĐMX,5,1 tuần,
442,https://www.dienmayxanh.com/quat-dieu-hoa/ava-rpd-80,Chị Lan,ĐMX,2,1 tuần,
443,https://www.dienmayxanh.com/quat-dieu-hoa/ava-rpd-80,Võ Thương Thương,ĐMX,5,1 tuần,
444,https://www.dienmayxanh.com/quat-dieu-hoa/ava-rpd-80,Anh Trung,ĐMX,3,1 tuần,
445,https://www.dienmayxanh.com/quat-dieu-hoa/ava-rpd-80,Nguyễn Văn Vương,ĐMX,4,1 tuần,
